"Dia";"Series 1"
"2019-01-01 00:00:00";63,4545833333333
"2019-01-02 00:00:00";60,5408333333333
"2019-01-03 00:00:00";64,0095833333333
"2019-01-04 00:00:00";66,8358333333333
"2019-01-05 00:00:00";65,32875
"2019-01-06 00:00:00";59,115
"2019-01-07 00:00:00";63,3195833333333
"2019-01-08 00:00:00";62,5258333333333
"2019-01-09 00:00:00";60,61
"2019-01-10 00:00:00";62,4025
"2019-01-11 00:00:00";63,88625
"2019-01-12 00:00:00";62,4545833333333
"2019-01-13 00:00:00";60,13625
"2019-01-14 00:00:00";63,3420833333333
"2019-01-15 00:00:00";67,0245833333333
"2019-01-16 00:00:00";69,4266666666667
"2019-01-17 00:00:00";65,59625
"2019-01-18 00:00:00";67,9795833333333
"2019-01-19 00:00:00";64,7545833333333
"2019-01-20 00:00:00";61,75
"2019-01-21 00:00:00";65,595
"2019-01-22 00:00:00";64,5516666666667
"2019-01-23 00:00:00";60,32375
"2019-01-24 00:00:00";61,0433333333333
"2019-01-25 00:00:00";61,9866666666667
"2019-01-26 00:00:00";61,5004166666667
"2019-01-27 00:00:00";43,9795833333333
"2019-01-28 00:00:00";55,7120833333333
"2019-01-29 00:00:00";59,5354166666667
"2019-01-30 00:00:00";57,97875
"2019-01-31 00:00:00";54,8808333333333
"2019-02-01 00:00:00";52,68125
"2019-02-02 00:00:00";37,9554166666667
"2019-02-03 00:00:00";48,4025
"2019-02-04 00:00:00";58,9508333333333
"2019-02-05 00:00:00";60,4120833333333
"2019-02-06 00:00:00";61,26125
"2019-02-07 00:00:00";58,0895833333333
"2019-02-08 00:00:00";56,4729166666667
"2019-02-09 00:00:00";54,355
"2019-02-10 00:00:00";37,6954166666667
"2019-02-11 00:00:00";56,2495833333333
"2019-02-12 00:00:00";60,5620833333333
"2019-02-13 00:00:00";61,51
"2019-02-14 00:00:00";56,3804166666667
"2019-02-15 00:00:00";55,2866666666667
"2019-02-16 00:00:00";51,19
"2019-02-17 00:00:00";47,0408333333333
"2019-02-18 00:00:00";56,26875
"2019-02-19 00:00:00";58,8895833333333
"2019-02-20 00:00:00";57,5079166666667
"2019-02-21 00:00:00";54,7633333333333
"2019-02-22 00:00:00";53,27625
"2019-02-23 00:00:00";51,7733333333333
"2019-02-24 00:00:00";51,0829166666667
"2019-02-25 00:00:00";55,3191666666667
"2019-02-26 00:00:00";53,1279166666667
"2019-02-27 00:00:00";52,8079166666667
"2019-02-28 00:00:00";52,9291666666667
"2019-03-01 00:00:00";54,4429166666667
"2019-03-02 00:00:00";48,74625
"2019-03-03 00:00:00";39,7820833333333
"2019-03-04 00:00:00";41,1075
"2019-03-05 00:00:00";52,61
"2019-03-06 00:00:00";37,8225
"2019-03-07 00:00:00";50,4741666666667
"2019-03-08 00:00:00";55,7041666666667
"2019-03-09 00:00:00";54,3854166666667
"2019-03-10 00:00:00";47,2316666666667
"2019-03-11 00:00:00";51,8875
"2019-03-12 00:00:00";52,0395833333333
"2019-03-13 00:00:00";45,86
"2019-03-14 00:00:00";51,5891666666667
"2019-03-15 00:00:00";54,7866666666667
"2019-03-16 00:00:00";51,29
"2019-03-17 00:00:00";34,7470833333333
"2019-03-18 00:00:00";48,76875
"2019-03-19 00:00:00";49,8845833333333
"2019-03-20 00:00:00";48,6391666666667
"2019-03-21 00:00:00";52,42875
"2019-03-22 00:00:00";55,7279166666667
"2019-03-23 00:00:00";51,2208333333333
"2019-03-24 00:00:00";44,3020833333333
"2019-03-25 00:00:00";42,5316666666667
"2019-03-26 00:00:00";41,0870833333333
"2019-03-27 00:00:00";47,1804166666667
"2019-03-28 00:00:00";50,8266666666667
"2019-03-29 00:00:00";52,9983333333333
"2019-03-30 00:00:00";51,9329166666667
"2019-03-31 00:00:00";51,465652173913
"2019-04-01 00:00:00";58,43375
"2019-04-02 00:00:00";57,9820833333333
"2019-04-03 00:00:00";52,92625
"2019-04-04 00:00:00";53,3858333333333
"2019-04-05 00:00:00";51,3516666666667
"2019-04-06 00:00:00";44,3004166666667
"2019-04-07 00:00:00";47,2225
"2019-04-08 00:00:00";53,2583333333333
"2019-04-09 00:00:00";50,3083333333333
"2019-04-10 00:00:00";50,8295833333333
"2019-04-11 00:00:00";54,6529166666667
"2019-04-12 00:00:00";56,9691666666667
"2019-04-13 00:00:00";57,5416666666667
"2019-04-14 00:00:00";52,6166666666667
"2019-04-15 00:00:00";53,8
"2019-04-16 00:00:00";57,1745833333333
"2019-04-17 00:00:00";47,05
"2019-04-18 00:00:00";55,0920833333333
"2019-04-19 00:00:00";37,31375
"2019-04-20 00:00:00";31,7491666666667
"2019-04-21 00:00:00";39,6879166666667
"2019-04-22 00:00:00";55,7620833333333
"2019-04-23 00:00:00";49,2225
"2019-04-24 00:00:00";40,0079166666667
"2019-04-25 00:00:00";29,6858333333333
"2019-04-26 00:00:00";48,9245833333333
"2019-04-27 00:00:00";55,6658333333333
"2019-04-28 00:00:00";52,6025
"2019-04-29 00:00:00";57,9091666666667
"2019-04-30 00:00:00";58,77875
"2019-05-01 00:00:00";50,28625
"2019-05-02 00:00:00";45,64625
"2019-05-03 00:00:00";50,0975
"2019-05-04 00:00:00";44,4733333333333
"2019-05-05 00:00:00";33,87
"2019-05-06 00:00:00";53,0504166666667
"2019-05-07 00:00:00";51,9220833333333
"2019-05-08 00:00:00";38,7675
"2019-05-09 00:00:00";45,7966666666667
"2019-05-10 00:00:00";47,2654166666667
"2019-05-11 00:00:00";49,91625
"2019-05-12 00:00:00";36,4204166666667
"2019-05-13 00:00:00";47,1270833333333
"2019-05-14 00:00:00";51,4179166666667
"2019-05-15 00:00:00";53,6979166666667
"2019-05-16 00:00:00";52,4725
"2019-05-17 00:00:00";43,7979166666667
"2019-05-18 00:00:00";46,305
"2019-05-19 00:00:00";48,0679166666667
"2019-05-20 00:00:00";52,7429166666667
"2019-05-21 00:00:00";56,8670833333333
"2019-05-22 00:00:00";57,985
"2019-05-23 00:00:00";57,0691666666667
"2019-05-24 00:00:00";49,0433333333333
"2019-05-25 00:00:00";42,3291666666667
"2019-05-26 00:00:00";40,4620833333333
"2019-05-27 00:00:00";50,67375
"2019-05-28 00:00:00";47,1625
"2019-05-29 00:00:00";47,5779166666667
"2019-05-30 00:00:00";52,4133333333333
"2019-05-31 00:00:00";55,3216666666667
"2019-06-01 00:00:00";53,2845833333333
"2019-06-02 00:00:00";47,8175
"2019-06-03 00:00:00";53,415
"2019-06-04 00:00:00";49,41125
"2019-06-05 00:00:00";45,3270833333333
"2019-06-06 00:00:00";43,8241666666667
"2019-06-07 00:00:00";41,6345833333333
"2019-06-08 00:00:00";46,2520833333333
"2019-06-09 00:00:00";43,2983333333333
"2019-06-10 00:00:00";44,7370833333333
"2019-06-11 00:00:00";45,3629166666667
"2019-06-12 00:00:00";48,2041666666667
"2019-06-13 00:00:00";46,405
"2019-06-14 00:00:00";46,3225
"2019-06-15 00:00:00";45,56625
"2019-06-16 00:00:00";46,6729166666667
"2019-06-17 00:00:00";49,19
"2019-06-18 00:00:00";46,6025
"2019-06-19 00:00:00";46,9916666666667
"2019-06-20 00:00:00";46,5679166666667
"2019-06-21 00:00:00";46,7225
"2019-06-22 00:00:00";46,18875
"2019-06-23 00:00:00";42,6075
"2019-06-24 00:00:00";48,6104166666667
"2019-06-25 00:00:00";50,07375
"2019-06-26 00:00:00";47,27625
"2019-06-27 00:00:00";49,5308333333333
"2019-06-28 00:00:00";51,9408333333333
"2019-06-29 00:00:00";49,2641666666667
"2019-06-30 00:00:00";46,70375
"2019-07-01 00:00:00";48,3220833333333
"2019-07-02 00:00:00";48,8075
"2019-07-03 00:00:00";50,9520833333333
"2019-07-04 00:00:00";53,0645833333333
"2019-07-05 00:00:00";56,02375
"2019-07-06 00:00:00";51,7825
"2019-07-07 00:00:00";49,6229166666667
"2019-07-08 00:00:00";51,1520833333333
"2019-07-09 00:00:00";52,47875
"2019-07-10 00:00:00";51,4225
"2019-07-11 00:00:00";53,9954166666667
"2019-07-12 00:00:00";57,0945833333333
"2019-07-13 00:00:00";51,31125
"2019-07-14 00:00:00";48,89125
"2019-07-15 00:00:00";52,3633333333333
"2019-07-16 00:00:00";51,5016666666667
"2019-07-17 00:00:00";52,6745833333333
"2019-07-18 00:00:00";53,9225
"2019-07-19 00:00:00";52,46375
"2019-07-20 00:00:00";50,59375
"2019-07-21 00:00:00";49,3020833333333
"2019-07-22 00:00:00";56,1258333333333
"2019-07-23 00:00:00";55,02875
"2019-07-24 00:00:00";55,8308333333333
"2019-07-25 00:00:00";53,6725
"2019-07-26 00:00:00";52,335
"2019-07-27 00:00:00";45,9416666666667
"2019-07-28 00:00:00";45,5929166666667
"2019-07-29 00:00:00";47,9666666666667
"2019-07-30 00:00:00";48,0329166666667
"2019-07-31 00:00:00";47,1129166666667
"2019-08-01 00:00:00";48,2145833333333
"2019-08-02 00:00:00";48,8533333333333
"2019-08-03 00:00:00";47,4091666666667
"2019-08-04 00:00:00";46,4079166666667
"2019-08-05 00:00:00";50,2733333333333
"2019-08-06 00:00:00";49,9679166666667
"2019-08-07 00:00:00";49,45875
"2019-08-08 00:00:00";47,8866666666667
"2019-08-09 00:00:00";43,9533333333333
"2019-08-10 00:00:00";46,19375
"2019-08-11 00:00:00";42,4795833333333
"2019-08-12 00:00:00";43,5945833333333
"2019-08-13 00:00:00";42,92875
"2019-08-14 00:00:00";45,6958333333333
"2019-08-15 00:00:00";40,7825
"2019-08-16 00:00:00";44,47875
"2019-08-17 00:00:00";41,9075
"2019-08-18 00:00:00";38,8791666666667
"2019-08-19 00:00:00";41,4804166666667
"2019-08-20 00:00:00";40,0254166666667
"2019-08-21 00:00:00";41,1145833333333
"2019-08-22 00:00:00";40,99625
"2019-08-23 00:00:00";41,4075
"2019-08-24 00:00:00";42,1395833333333
"2019-08-25 00:00:00";39,2808333333333
"2019-08-26 00:00:00";43,17625
"2019-08-27 00:00:00";50,31125
"2019-08-28 00:00:00";51,19375
"2019-08-29 00:00:00";50,0654166666667
"2019-08-30 00:00:00";49,3883333333333
"2019-08-31 00:00:00";43,83875
"2019-09-01 00:00:00";39,31875
"2019-09-02 00:00:00";39,11375
"2019-09-03 00:00:00";43,49125
"2019-09-04 00:00:00";43,3929166666667
"2019-09-05 00:00:00";37,37125
"2019-09-06 00:00:00";36,2854166666667
"2019-09-07 00:00:00";32,8691666666667
"2019-09-08 00:00:00";34,39375
"2019-09-09 00:00:00";43,5795833333333
"2019-09-10 00:00:00";34,3154166666667
"2019-09-11 00:00:00";34,3325
"2019-09-12 00:00:00";38,4208333333333
"2019-09-13 00:00:00";38,9375
"2019-09-14 00:00:00";37,2345833333333
"2019-09-15 00:00:00";38,0579166666667
"2019-09-16 00:00:00";47,98375
"2019-09-17 00:00:00";50,40375
"2019-09-18 00:00:00";50,24125
"2019-09-19 00:00:00";50,6083333333333
"2019-09-20 00:00:00";48,5041666666667
"2019-09-21 00:00:00";39,8608333333333
"2019-09-22 00:00:00";37,7633333333333
"2019-09-23 00:00:00";45,7004166666667
"2019-09-24 00:00:00";42,9916666666667
"2019-09-25 00:00:00";44,0145833333333
"2019-09-26 00:00:00";48,545
"2019-09-27 00:00:00";48,5575
"2019-09-28 00:00:00";45,6808333333333
"2019-09-29 00:00:00";42,0729166666667
"2019-09-30 00:00:00";49,36875
"2019-10-01 00:00:00";47,3291666666667
"2019-10-02 00:00:00";43,4216666666667
"2019-10-03 00:00:00";48,29
"2019-10-04 00:00:00";52,73625
"2019-10-05 00:00:00";49,0658333333333
"2019-10-06 00:00:00";45,2370833333333
"2019-10-07 00:00:00";50,4970833333333
"2019-10-08 00:00:00";54,3170833333333
"2019-10-09 00:00:00";47,88625
"2019-10-10 00:00:00";46,9595833333333
"2019-10-11 00:00:00";48,4608333333333
"2019-10-12 00:00:00";39,2245833333333
"2019-10-13 00:00:00";37,9691666666667
"2019-10-14 00:00:00";42,4241666666667
"2019-10-15 00:00:00";42,5679166666667
"2019-10-16 00:00:00";43,23625
"2019-10-17 00:00:00";47,0870833333333
"2019-10-18 00:00:00";46,08375
"2019-10-19 00:00:00";43,3591666666667
"2019-10-20 00:00:00";41,4520833333333
"2019-10-21 00:00:00";54,33625
"2019-10-22 00:00:00";49,4045833333333
"2019-10-23 00:00:00";45,7383333333333
"2019-10-24 00:00:00";45,4025
"2019-10-25 00:00:00";48,7975
"2019-10-26 00:00:00";45,8579166666667
"2019-10-27 00:00:00";45,8183333333333
"2019-10-28 00:00:00";53,8525
"2019-10-29 00:00:00";53,9045833333333
"2019-10-30 00:00:00";51,9608333333333
"2019-10-31 00:00:00";49,2620833333333
"2019-11-01 00:00:00";32,835
"2019-11-02 00:00:00";28,43875
"2019-11-03 00:00:00";18,8775
"2019-11-04 00:00:00";28,47875
"2019-11-05 00:00:00";29,6241666666667
"2019-11-06 00:00:00";40,64375
"2019-11-07 00:00:00";39,2975
"2019-11-08 00:00:00";37,5945833333333
"2019-11-09 00:00:00";40,9154166666667
"2019-11-10 00:00:00";37,26625
"2019-11-11 00:00:00";44,7379166666667
"2019-11-12 00:00:00";48,0591666666667
"2019-11-13 00:00:00";48,1908333333333
"2019-11-14 00:00:00";45,5245833333333
"2019-11-15 00:00:00";48,2079166666667
"2019-11-16 00:00:00";45,7491666666667
"2019-11-17 00:00:00";43,335
"2019-11-18 00:00:00";50,0125
"2019-11-19 00:00:00";57,48875
"2019-11-20 00:00:00";57,84625
"2019-11-21 00:00:00";55,4241666666667
"2019-11-22 00:00:00";46,3116666666667
"2019-11-23 00:00:00";36,7770833333333
"2019-11-24 00:00:00";41,0166666666667
"2019-11-25 00:00:00";47,1229166666667
"2019-11-26 00:00:00";44,8108333333333
"2019-11-27 00:00:00";42,07125
"2019-11-28 00:00:00";40,2145833333333
"2019-11-29 00:00:00";47,5295833333333
"2019-11-30 00:00:00";41,3608333333333
"2019-12-01 00:00:00";43,2870833333333
"2019-12-02 00:00:00";44,81875
"2019-12-03 00:00:00";50,08125
"2019-12-04 00:00:00";53,9466666666667
"2019-12-05 00:00:00";47,6654166666667
"2019-12-06 00:00:00";47,67125
"2019-12-07 00:00:00";47,25875
"2019-12-08 00:00:00";40,9779166666667
"2019-12-09 00:00:00";41,3575
"2019-12-10 00:00:00";46,6
"2019-12-11 00:00:00";43,3983333333333
"2019-12-12 00:00:00";38,5783333333333
"2019-12-13 00:00:00";27,1720833333333
"2019-12-14 00:00:00";28,02875
"2019-12-15 00:00:00";26,0629166666667
"2019-12-16 00:00:00";40,26875
"2019-12-17 00:00:00";42,89375
"2019-12-18 00:00:00";38,6470833333333
"2019-12-19 00:00:00";22,70625
"2019-12-20 00:00:00";17,4333333333333
"2019-12-21 00:00:00";2,53416666666667
"2019-12-22 00:00:00";1,94208333333333
"2019-12-23 00:00:00";23,40375
"2019-12-24 00:00:00";20,9583333333333
"2019-12-25 00:00:00";14,2366666666667
"2019-12-26 00:00:00";25,41375
"2019-12-27 00:00:00";32,7216666666667
"2019-12-28 00:00:00";31,09
"2019-12-29 00:00:00";31,7945833333333
"2019-12-30 00:00:00";36,7266666666667
"2019-12-31 00:00:00";38,2758333333333
"2020-01-01 00:00:00";35,5404166666667
"2020-01-02 00:00:00";39,995
"2020-01-03 00:00:00";39,50625
"2020-01-04 00:00:00";35,6708333333333
"2020-01-05 00:00:00";38,1754166666667
"2020-01-06 00:00:00";42,16625
"2020-01-07 00:00:00";47,0125
"2020-01-08 00:00:00";46,80625
"2020-01-09 00:00:00";44,2058333333333
"2020-01-10 00:00:00";40,5691666666667
"2020-01-11 00:00:00";41,8391666666667
"2020-01-12 00:00:00";42,3595833333333
"2020-01-13 00:00:00";46,4870833333333
"2020-01-14 00:00:00";38,6779166666667
"2020-01-15 00:00:00";38,45125
"2020-01-16 00:00:00";38,53
"2020-01-17 00:00:00";39,3966666666667
"2020-01-18 00:00:00";38,2954166666667
"2020-01-19 00:00:00";29,7645833333333
"2020-01-20 00:00:00";35,7108333333333
"2020-01-21 00:00:00";39,1045833333333
"2020-01-22 00:00:00";47,27125
"2020-01-23 00:00:00";53,9541666666667
"2020-01-24 00:00:00";53,7058333333333
"2020-01-25 00:00:00";48,1754166666667
"2020-01-26 00:00:00";40,0079166666667
"2020-01-27 00:00:00";39,3404166666667
"2020-01-28 00:00:00";38,4704166666667
"2020-01-29 00:00:00";39,77125
"2020-01-30 00:00:00";37,94875
"2020-01-31 00:00:00";37,2329166666667
"2020-02-01 00:00:00";29,2316666666667
"2020-02-02 00:00:00";27,8470833333333
"2020-02-03 00:00:00";40,66
"2020-02-04 00:00:00";37,8216666666667
"2020-02-05 00:00:00";36,82
"2020-02-06 00:00:00";38,6375
"2020-02-07 00:00:00";39,8729166666667
"2020-02-08 00:00:00";39,0545833333333
"2020-02-09 00:00:00";30,0804166666667
"2020-02-10 00:00:00";31,8129166666667
"2020-02-11 00:00:00";41,98875
"2020-02-12 00:00:00";44,2829166666667
"2020-02-13 00:00:00";38,2291666666667
"2020-02-14 00:00:00";41,74125
"2020-02-15 00:00:00";35,1720833333333
"2020-02-16 00:00:00";24,4775
"2020-02-17 00:00:00";35,9583333333333
"2020-02-18 00:00:00";38,2304166666667
"2020-02-19 00:00:00";42,755
"2020-02-20 00:00:00";42,52875
"2020-02-21 00:00:00";39,2866666666667
"2020-02-22 00:00:00";39,7233333333333
"2020-02-23 00:00:00";36,4766666666667
"2020-02-24 00:00:00";41,615
"2020-02-25 00:00:00";32,7841666666667
"2020-02-26 00:00:00";31,9733333333333
"2020-02-27 00:00:00";30,6195833333333
"2020-02-28 00:00:00";33,9154166666667
"2020-02-29 00:00:00";16,595
"2020-03-01 00:00:00";14,2191666666667
"2020-03-02 00:00:00";21,89375
"2020-03-03 00:00:00";26,1425
"2020-03-04 00:00:00";32,6
"2020-03-05 00:00:00";25,15125
"2020-03-06 00:00:00";21,4279166666667
"2020-03-07 00:00:00";27,7320833333333
"2020-03-08 00:00:00";26,8775
"2020-03-09 00:00:00";32,5220833333333
"2020-03-10 00:00:00";34,5425
"2020-03-11 00:00:00";38,63375
"2020-03-12 00:00:00";38,78375
"2020-03-13 00:00:00";33,9875
"2020-03-14 00:00:00";35,59125
"2020-03-15 00:00:00";26,8016666666667
"2020-03-16 00:00:00";27,0195833333333
"2020-03-17 00:00:00";28,4275
"2020-03-18 00:00:00";30,6929166666667
"2020-03-19 00:00:00";30,4254166666667
"2020-03-20 00:00:00";28,0804166666667
"2020-03-21 00:00:00";27,65375
"2020-03-22 00:00:00";27,5291666666667
"2020-03-23 00:00:00";29,0441666666667
"2020-03-24 00:00:00";27,4145833333333
"2020-03-25 00:00:00";31,5895833333333
"2020-03-26 00:00:00";22,8233333333333
"2020-03-27 00:00:00";25,0720833333333
"2020-03-28 00:00:00";27,94125
"2020-03-29 00:00:00";19,3721739130435
"2020-03-30 00:00:00";19,0495833333333
"2020-03-31 00:00:00";20,55
"2020-04-01 00:00:00";26,2016666666667
"2020-04-02 00:00:00";23,8975
"2020-04-03 00:00:00";23,72875
"2020-04-04 00:00:00";16,24
"2020-04-05 00:00:00";8,16416666666667
"2020-04-06 00:00:00";24,83125
"2020-04-07 00:00:00";22,4545833333333
"2020-04-08 00:00:00";23,6170833333333
"2020-04-09 00:00:00";22,31625
"2020-04-10 00:00:00";19,07125
"2020-04-11 00:00:00";22,0241666666667
"2020-04-12 00:00:00";17,8179166666667
"2020-04-13 00:00:00";22,2579166666667
"2020-04-14 00:00:00";21,9516666666667
"2020-04-15 00:00:00";16,6145833333333
"2020-04-16 00:00:00";12,73375
"2020-04-17 00:00:00";14,54
"2020-04-18 00:00:00";21,2833333333333
"2020-04-19 00:00:00";13,3029166666667
"2020-04-20 00:00:00";11,1191666666667
"2020-04-21 00:00:00";9,23625
"2020-04-22 00:00:00";9,985
"2020-04-23 00:00:00";17,7533333333333
"2020-04-24 00:00:00";18,8204166666667
"2020-04-25 00:00:00";17,6341666666667
"2020-04-26 00:00:00";15,2170833333333
"2020-04-27 00:00:00";19,98875
"2020-04-28 00:00:00";18,5941666666667
"2020-04-29 00:00:00";10,6908333333333
"2020-04-30 00:00:00";7,50083333333333
"2020-05-01 00:00:00";4,62958333333333
"2020-05-02 00:00:00";11,3054166666667
"2020-05-03 00:00:00";14,1525
"2020-05-04 00:00:00";16,1458333333333
"2020-05-05 00:00:00";18,2354166666667
"2020-05-06 00:00:00";22,3916666666667
"2020-05-07 00:00:00";20,9366666666667
"2020-05-08 00:00:00";20,0483333333333
"2020-05-09 00:00:00";18,7095833333333
"2020-05-10 00:00:00";12,7054166666667
"2020-05-11 00:00:00";15,3225
"2020-05-12 00:00:00";24,2433333333333
"2020-05-13 00:00:00";25,295
"2020-05-14 00:00:00";24,4729166666667
"2020-05-15 00:00:00";20,1375
"2020-05-16 00:00:00";16,1933333333333
"2020-05-17 00:00:00";15,6208333333333
"2020-05-18 00:00:00";26,1245833333333
"2020-05-19 00:00:00";26,06
"2020-05-20 00:00:00";26,8270833333333
"2020-05-21 00:00:00";28,11875
"2020-05-22 00:00:00";29,4429166666667
"2020-05-23 00:00:00";17,47625
"2020-05-24 00:00:00";11,4925
"2020-05-25 00:00:00";23,78625
"2020-05-26 00:00:00";22,2075
"2020-05-27 00:00:00";25,04875
"2020-05-28 00:00:00";29,2854166666667
"2020-05-29 00:00:00";33,0775
"2020-05-30 00:00:00";29,7129166666667
"2020-05-31 00:00:00";29,6958333333333
"2020-06-01 00:00:00";34,2258333333333
"2020-06-02 00:00:00";34,8645833333333
"2020-06-03 00:00:00";32,675
"2020-06-04 00:00:00";24,1233333333333
"2020-06-05 00:00:00";27,70125
"2020-06-06 00:00:00";28,5166666666667
"2020-06-07 00:00:00";19,5958333333333
"2020-06-08 00:00:00";27,0041666666667
"2020-06-09 00:00:00";29,0725
"2020-06-10 00:00:00";30,72
"2020-06-11 00:00:00";23,7129166666667
"2020-06-12 00:00:00";20,2920833333333
"2020-06-13 00:00:00";21,1975
"2020-06-14 00:00:00";26,6145833333333
"2020-06-15 00:00:00";31,7616666666667
"2020-06-16 00:00:00";31,0708333333333
"2020-06-17 00:00:00";34,2633333333333
"2020-06-18 00:00:00";35,3391666666667
"2020-06-19 00:00:00";33,59625
"2020-06-20 00:00:00";31,805
"2020-06-21 00:00:00";25,9141666666667
"2020-06-22 00:00:00";30,3525
"2020-06-23 00:00:00";34,5445833333333
"2020-06-24 00:00:00";37,405
"2020-06-25 00:00:00";39,4345833333333
"2020-06-26 00:00:00";37,7641666666667
"2020-06-27 00:00:00";30,4579166666667
"2020-06-28 00:00:00";29,5345833333333
"2020-06-29 00:00:00";37,3975
"2020-06-30 00:00:00";37,575
"2020-07-01 00:00:00";37,4541666666667
"2020-07-02 00:00:00";34,5129166666667
"2020-07-03 00:00:00";34,915
"2020-07-04 00:00:00";28,6770833333333
"2020-07-05 00:00:00";25,8591666666667
"2020-07-06 00:00:00";28,39375
"2020-07-07 00:00:00";35,19875
"2020-07-08 00:00:00";37,7883333333333
"2020-07-09 00:00:00";39,945
"2020-07-10 00:00:00";37,9470833333333
"2020-07-11 00:00:00";29,1066666666667
"2020-07-12 00:00:00";28,79875
"2020-07-13 00:00:00";33,9566666666667
"2020-07-14 00:00:00";33,6225
"2020-07-15 00:00:00";31,05875
"2020-07-16 00:00:00";34,8925
"2020-07-17 00:00:00";32,1729166666667
"2020-07-18 00:00:00";30,8316666666667
"2020-07-19 00:00:00";30,4545833333333
"2020-07-20 00:00:00";35,5508333333333
"2020-07-21 00:00:00";36,0704166666667
"2020-07-22 00:00:00";40,8429166666667
"2020-07-23 00:00:00";42,0366666666667
"2020-07-24 00:00:00";36,0979166666667
"2020-07-25 00:00:00";33,3216666666667
"2020-07-26 00:00:00";29,7779166666667
"2020-07-27 00:00:00";38,2825
"2020-07-28 00:00:00";35,8891666666667
"2020-07-29 00:00:00";37,7466666666667
"2020-07-30 00:00:00";40,44625
"2020-07-31 00:00:00";42,0670833333333
"2020-08-01 00:00:00";33,5041666666667
"2020-08-02 00:00:00";28,6429166666667
"2020-08-03 00:00:00";36,6170833333333
"2020-08-04 00:00:00";35,39875
"2020-08-05 00:00:00";36,43375
"2020-08-06 00:00:00";37,3629166666667
"2020-08-07 00:00:00";38,5958333333333
"2020-08-08 00:00:00";36,9129166666667
"2020-08-09 00:00:00";34,6525
"2020-08-10 00:00:00";38,0895833333333
"2020-08-11 00:00:00";38,88
"2020-08-12 00:00:00";39,27375
"2020-08-13 00:00:00";40,5195833333333
"2020-08-14 00:00:00";36,7116666666667
"2020-08-15 00:00:00";31,5541666666667
"2020-08-16 00:00:00";29,0783333333333
"2020-08-17 00:00:00";36,2116666666667
"2020-08-18 00:00:00";38,51375
"2020-08-19 00:00:00";34,90375
"2020-08-20 00:00:00";34,4975
"2020-08-21 00:00:00";33,5845833333333
"2020-08-22 00:00:00";32,17375
"2020-08-23 00:00:00";29,2204166666667
"2020-08-24 00:00:00";38,7020833333333
"2020-08-25 00:00:00";39,8520833333333
"2020-08-26 00:00:00";39,4925
"2020-08-27 00:00:00";46,2458333333333
"2020-08-28 00:00:00";39,8004166666667
"2020-08-29 00:00:00";30,95875
"2020-08-30 00:00:00";33,7475
"2020-08-31 00:00:00";42,00625
"2020-09-01 00:00:00";46,0125
"2020-09-02 00:00:00";44,2025
"2020-09-03 00:00:00";46,1558333333333
"2020-09-04 00:00:00";43,9733333333333
"2020-09-05 00:00:00";35,2025
"2020-09-06 00:00:00";31,67375
"2020-09-07 00:00:00";39,5283333333333
"2020-09-08 00:00:00";41,5358333333333
"2020-09-09 00:00:00";46,0791666666667
"2020-09-10 00:00:00";45,0979166666667
"2020-09-11 00:00:00";46,9625
"2020-09-12 00:00:00";40,38625
"2020-09-13 00:00:00";35,0604166666667
"2020-09-14 00:00:00";43,49125
"2020-09-15 00:00:00";48,9020833333333
"2020-09-16 00:00:00";51,0483333333333
"2020-09-17 00:00:00";47,10625
"2020-09-18 00:00:00";43,38375
"2020-09-19 00:00:00";39,3370833333333
"2020-09-20 00:00:00";39,17375
"2020-09-21 00:00:00";49,25625
"2020-09-22 00:00:00";50,6666666666667
"2020-09-23 00:00:00";44,9766666666667
"2020-09-24 00:00:00";39,7166666666667
"2020-09-25 00:00:00";26,8858333333333
"2020-09-26 00:00:00";29,2470833333333
"2020-09-27 00:00:00";24,7220833333333
"2020-09-28 00:00:00";41,4325
"2020-09-29 00:00:00";48,34875
"2020-09-30 00:00:00";49,1466666666667
"2020-10-01 00:00:00";41,4766666666667
"2020-10-02 00:00:00";24,7958333333333
"2020-10-03 00:00:00";19,1333333333333
"2020-10-04 00:00:00";14,3995833333333
"2020-10-05 00:00:00";35,12375
"2020-10-06 00:00:00";40,99875
"2020-10-07 00:00:00";43,0179166666667
"2020-10-08 00:00:00";43,9541666666667
"2020-10-09 00:00:00";44,3891666666667
"2020-10-10 00:00:00";32,4895833333333
"2020-10-11 00:00:00";27,8441666666667
"2020-10-12 00:00:00";38,3758333333333
"2020-10-13 00:00:00";40,4666666666667
"2020-10-14 00:00:00";36,735
"2020-10-15 00:00:00";39,3341666666667
"2020-10-16 00:00:00";43,3254166666667
"2020-10-17 00:00:00";42,3658333333333
"2020-10-18 00:00:00";40,25625
"2020-10-19 00:00:00";35,7108333333333
"2020-10-20 00:00:00";36,0333333333333
"2020-10-21 00:00:00";36,58
"2020-10-22 00:00:00";45,22125
"2020-10-23 00:00:00";45,19
"2020-10-24 00:00:00";32,2545833333333
"2020-10-25 00:00:00";14,4583333333333
"2020-10-26 00:00:00";34,4304166666667
"2020-10-27 00:00:00";39,9516666666667
"2020-10-28 00:00:00";43,3616666666667
"2020-10-29 00:00:00";44,9425
"2020-10-30 00:00:00";41,58
"2020-10-31 00:00:00";35,7704166666667
"2020-11-01 00:00:00";27,2158333333333
"2020-11-02 00:00:00";40,89375
"2020-11-03 00:00:00";39,0233333333333
"2020-11-04 00:00:00";38,795
"2020-11-05 00:00:00";33,9870833333333
"2020-11-06 00:00:00";34,9795833333333
"2020-11-07 00:00:00";33,5295833333333
"2020-11-08 00:00:00";34,6441666666667
"2020-11-09 00:00:00";45,6208333333333
"2020-11-10 00:00:00";50,6720833333333
"2020-11-11 00:00:00";43,3
"2020-11-12 00:00:00";45,3466666666667
"2020-11-13 00:00:00";44,515
"2020-11-14 00:00:00";38,1129166666667
"2020-11-15 00:00:00";24,1391666666667
"2020-11-16 00:00:00";42,47625
"2020-11-17 00:00:00";44,74625
"2020-11-18 00:00:00";42,4591666666667
"2020-11-19 00:00:00";39,0795833333333
"2020-11-20 00:00:00";41,30125
"2020-11-21 00:00:00";40,25
"2020-11-22 00:00:00";42,0004166666667
"2020-11-23 00:00:00";50,51
"2020-11-24 00:00:00";46,68
"2020-11-25 00:00:00";47,3416666666667
"2020-11-26 00:00:00";48,1629166666667
"2020-11-27 00:00:00";52,5583333333333
"2020-11-28 00:00:00";48,0704166666667
"2020-11-29 00:00:00";45,4425
"2020-11-30 00:00:00";52,2304166666667
"2020-12-01 00:00:00";50,3641666666667
"2020-12-02 00:00:00";49,4625
"2020-12-03 00:00:00";49,4904166666667
"2020-12-04 00:00:00";43,3595833333333
"2020-12-05 00:00:00";45,2145833333333
"2020-12-06 00:00:00";39,9858333333333
"2020-12-07 00:00:00";38,0158333333333
"2020-12-08 00:00:00";27,4829166666667
"2020-12-09 00:00:00";47,5166666666667
"2020-12-10 00:00:00";43,4170833333333
"2020-12-11 00:00:00";37,2466666666667
"2020-12-12 00:00:00";36,26625
"2020-12-13 00:00:00";43,1925
"2020-12-14 00:00:00";46,4945833333333
"2020-12-15 00:00:00";48,9175
"2020-12-16 00:00:00";49,3441666666667
"2020-12-17 00:00:00";56,8716666666667
"2020-12-18 00:00:00";49,1108333333333
"2020-12-19 00:00:00";44,2625
"2020-12-20 00:00:00";43,4216666666667
"2020-12-21 00:00:00";46,7870833333333
"2020-12-22 00:00:00";46,7095833333333
"2020-12-23 00:00:00";46,2975
"2020-12-24 00:00:00";39,9391666666667
"2020-12-25 00:00:00";16,0358333333333
"2020-12-26 00:00:00";32,8641666666667
"2020-12-27 00:00:00";26,505
"2020-12-28 00:00:00";20,0408333333333
"2020-12-29 00:00:00";38,6616666666667
"2020-12-30 00:00:00";48,9845833333333
"2020-12-31 00:00:00";48,66
"2021-01-01 00:00:00";42,51
"2021-01-02 00:00:00";48,7204166666667
"2021-01-03 00:00:00";46,9275
"2021-01-04 00:00:00";59,8495833333333
"2021-01-05 00:00:00";67,5454166666667
"2021-01-06 00:00:00";70,5991666666667
"2021-01-07 00:00:00";88,92625
"2021-01-08 00:00:00";94,98875
"2021-01-09 00:00:00";80,66
"2021-01-10 00:00:00";66,2708333333333
"2021-01-11 00:00:00";82,45
"2021-01-12 00:00:00";84,245
"2021-01-13 00:00:00";89,9354166666667
"2021-01-14 00:00:00";87,2520833333333
"2021-01-15 00:00:00";78,4204166666667
"2021-01-16 00:00:00";67,72
"2021-01-17 00:00:00";64,51125
"2021-01-18 00:00:00";82,07625
"2021-01-19 00:00:00";76,4654166666667
"2021-01-20 00:00:00";51,6625
"2021-01-21 00:00:00";41,63875
"2021-01-22 00:00:00";41,9745833333333
"2021-01-23 00:00:00";27,495
"2021-01-24 00:00:00";28,725
"2021-01-25 00:00:00";59,4183333333333
"2021-01-26 00:00:00";65,9779166666667
"2021-01-27 00:00:00";59,7741666666667
"2021-01-28 00:00:00";55,3904166666667
"2021-01-29 00:00:00";47,3891666666667
"2021-01-30 00:00:00";4,18583333333333
"2021-01-31 00:00:00";1,41958333333333
"2021-02-01 00:00:00";11,8975
"2021-02-02 00:00:00";26,3375
"2021-02-03 00:00:00";36,2625
"2021-02-04 00:00:00";52,1970833333333
"2021-02-05 00:00:00";50,99125
"2021-02-06 00:00:00";36,0158333333333
"2021-02-07 00:00:00";12,5808333333333
"2021-02-08 00:00:00";8,29666666666667
"2021-02-09 00:00:00";7,10416666666667
"2021-02-10 00:00:00";26,2595833333333
"2021-02-11 00:00:00";48,0045833333333
"2021-02-12 00:00:00";36,9358333333333
"2021-02-13 00:00:00";36,9004166666667
"2021-02-14 00:00:00";13,37875
"2021-02-15 00:00:00";14,85125
"2021-02-16 00:00:00";23,9820833333333
"2021-02-17 00:00:00";41,9304166666667
"2021-02-18 00:00:00";36,1779166666667
"2021-02-19 00:00:00";22,2691666666667
"2021-02-20 00:00:00";2,18541666666667
"2021-02-21 00:00:00";5,67458333333333
"2021-02-22 00:00:00";39,3908333333333
"2021-02-23 00:00:00";43,6475
"2021-02-24 00:00:00";24,8225
"2021-02-25 00:00:00";45,8329166666667
"2021-02-26 00:00:00";46,0929166666667
"2021-02-27 00:00:00";29,24375
"2021-02-28 00:00:00";18,5333333333333
"2021-03-01 00:00:00";42,2420833333333
"2021-03-02 00:00:00";52,66625
"2021-03-03 00:00:00";53,24375
"2021-03-04 00:00:00";55,4258333333333
"2021-03-05 00:00:00";52,45375
"2021-03-06 00:00:00";45,0733333333333
"2021-03-07 00:00:00";47,0533333333333
"2021-03-08 00:00:00";54,425
"2021-03-09 00:00:00";56,8791666666667
"2021-03-10 00:00:00";55,8675
"2021-03-11 00:00:00";40,7595833333333
"2021-03-12 00:00:00";40,1625
"2021-03-13 00:00:00";27,7529166666667
"2021-03-14 00:00:00";24,5445833333333
"2021-03-15 00:00:00";47,585
"2021-03-16 00:00:00";34,5145833333333
"2021-03-17 00:00:00";17,3495833333333
"2021-03-18 00:00:00";32,7720833333333
"2021-03-19 00:00:00";29,66125
"2021-03-20 00:00:00";22,18875
"2021-03-21 00:00:00";30,275
"2021-03-22 00:00:00";55,7941666666667
"2021-03-23 00:00:00";64,47125
"2021-03-24 00:00:00";64,8154166666667
"2021-03-25 00:00:00";66,35375
"2021-03-26 00:00:00";60,3104166666667
"2021-03-27 00:00:00";41,1058333333333
"2021-03-28 00:00:00";38,6013043478261
"2021-03-29 00:00:00";45,6916666666667
"2021-03-30 00:00:00";53,5329166666667
"2021-03-31 00:00:00";55,15875
"2021-04-01 00:00:00";52,1179166666667
"2021-04-02 00:00:00";51,0041666666667
"2021-04-03 00:00:00";35,175
"2021-04-04 00:00:00";27,735
"2021-04-05 00:00:00";44,5520833333333
"2021-04-06 00:00:00";55,97
"2021-04-07 00:00:00";66,1116666666667
"2021-04-08 00:00:00";69,7754166666667
"2021-04-09 00:00:00";71,8675
"2021-04-10 00:00:00";65,0054166666667
"2021-04-11 00:00:00";52,0129166666667
"2021-04-12 00:00:00";63,0354166666667
"2021-04-13 00:00:00";75,4975
"2021-04-14 00:00:00";73,9566666666667
"2021-04-15 00:00:00";68,185
"2021-04-16 00:00:00";68,9275
"2021-04-17 00:00:00";64,1883333333333
"2021-04-18 00:00:00";64,5391666666667
"2021-04-19 00:00:00";79,025
"2021-04-20 00:00:00";78,57625
"2021-04-21 00:00:00";79,59625
"2021-04-22 00:00:00";74,4141666666667
"2021-04-23 00:00:00";68,5554166666667
"2021-04-24 00:00:00";57,3116666666667
"2021-04-25 00:00:00";61,0883333333333
"2021-04-26 00:00:00";75,9883333333333
"2021-04-27 00:00:00";77,9533333333333
"2021-04-28 00:00:00";74,4041666666667
"2021-04-29 00:00:00";74,6683333333333
"2021-04-30 00:00:00";79,2858333333333
"2021-05-01 00:00:00";59,3616666666667
"2021-05-02 00:00:00";61,3916666666667
"2021-05-03 00:00:00";73,5404166666667
"2021-05-04 00:00:00";81,27
"2021-05-05 00:00:00";75,7145833333333
"2021-05-06 00:00:00";73,1083333333333
"2021-05-07 00:00:00";73,4991666666667
"2021-05-08 00:00:00";47,2520833333333
"2021-05-09 00:00:00";10,5275
"2021-05-10 00:00:00";59,2645833333333
"2021-05-11 00:00:00";54,0504166666667
"2021-05-12 00:00:00";53,0433333333333
"2021-05-13 00:00:00";59,79625
"2021-05-14 00:00:00";71,5295833333333
"2021-05-15 00:00:00";43,15625
"2021-05-16 00:00:00";26,6495833333333
"2021-05-17 00:00:00";76,8195833333333
"2021-05-18 00:00:00";77,65
"2021-05-19 00:00:00";77,1104166666667
"2021-05-20 00:00:00";79,7920833333333
"2021-05-21 00:00:00";69,5408333333333
"2021-05-22 00:00:00";66,4070833333333
"2021-05-23 00:00:00";68,6679166666667
"2021-05-24 00:00:00";67,4041666666667
"2021-05-25 00:00:00";76,64375
"2021-05-26 00:00:00";80,7195833333333
"2021-05-27 00:00:00";86,22875
"2021-05-28 00:00:00";88,9520833333333
"2021-05-29 00:00:00";81,7670833333333
"2021-05-30 00:00:00";71,9291666666667
"2021-05-31 00:00:00";88,0841666666667
"2021-06-01 00:00:00";86,5645833333333
"2021-06-02 00:00:00";84,8454166666667
"2021-06-03 00:00:00";79,8020833333333
"2021-06-04 00:00:00";80,58625
"2021-06-05 00:00:00";76,1679166666667
"2021-06-06 00:00:00";68,8683333333333
"2021-06-07 00:00:00";79,6908333333333
"2021-06-08 00:00:00";82,3341666666667
"2021-06-09 00:00:00";81,6016666666667
"2021-06-10 00:00:00";83,33625
"2021-06-11 00:00:00";82,5345833333333
"2021-06-12 00:00:00";77,5983333333333
"2021-06-13 00:00:00";79,1958333333333
"2021-06-14 00:00:00";88,4741666666667
"2021-06-15 00:00:00";90,9508333333333
"2021-06-16 00:00:00";94,6329166666667
"2021-06-17 00:00:00";92,9966666666667
"2021-06-18 00:00:00";92,6741666666667
"2021-06-19 00:00:00";87,2241666666667
"2021-06-20 00:00:00";52,6345833333333
"2021-06-21 00:00:00";82,5516666666667
"2021-06-22 00:00:00";89,525
"2021-06-23 00:00:00";89,88375
"2021-06-24 00:00:00";85,7345833333333
"2021-06-25 00:00:00";86,5695833333333
"2021-06-26 00:00:00";83,9920833333333
"2021-06-27 00:00:00";64,2116666666667
"2021-06-28 00:00:00";86,435
"2021-06-29 00:00:00";93,49125
"2021-06-30 00:00:00";93,8866666666667
"2021-07-01 00:00:00";92,4408333333333
"2021-07-02 00:00:00";99,7979166666667
"2021-07-03 00:00:00";94,2275
"2021-07-04 00:00:00";79,4266666666667
"2021-07-05 00:00:00";93,8504166666667
"2021-07-06 00:00:00";93,57125
"2021-07-07 00:00:00";98,72375
"2021-07-08 00:00:00";93,6745833333333
"2021-07-09 00:00:00";93,4975
"2021-07-10 00:00:00";90,4783333333333
"2021-07-11 00:00:00";90,76625
"2021-07-12 00:00:00";86,675
"2021-07-13 00:00:00";94,39
"2021-07-14 00:00:00";84,45875
"2021-07-15 00:00:00";87,18375
"2021-07-16 00:00:00";87,3170833333333
"2021-07-17 00:00:00";90,9520833333333
"2021-07-18 00:00:00";74,19375
"2021-07-19 00:00:00";98,8029166666667
"2021-07-20 00:00:00";101,8225
"2021-07-21 00:00:00";106,573333333333
"2021-07-22 00:00:00";101,516666666667
"2021-07-23 00:00:00";95,8870833333333
"2021-07-24 00:00:00";92,01875
"2021-07-25 00:00:00";93,2020833333333
"2021-07-26 00:00:00";99,5233333333333
"2021-07-27 00:00:00";99,0466666666667
"2021-07-28 00:00:00";95,5741666666667
"2021-07-29 00:00:00";98,8316666666667
"2021-07-30 00:00:00";95,36625
"2021-07-31 00:00:00";61,08625
"2021-08-01 00:00:00";76,8866666666667
"2021-08-02 00:00:00";103,074583333333
"2021-08-03 00:00:00";106,266666666667
"2021-08-04 00:00:00";105,239166666667
"2021-08-05 00:00:00";101,604583333333
"2021-08-06 00:00:00";97,2158333333333
"2021-08-07 00:00:00";65,6354166666667
"2021-08-08 00:00:00";85,2920833333333
"2021-08-09 00:00:00";106,742083333333
"2021-08-10 00:00:00";111,875833333333
"2021-08-11 00:00:00";113,994166666667
"2021-08-12 00:00:00";115,826666666667
"2021-08-13 00:00:00";117,291666666667
"2021-08-14 00:00:00";114,633333333333
"2021-08-15 00:00:00";110,022916666667
"2021-08-16 00:00:00";88,9245833333333
"2021-08-17 00:00:00";89,4995833333333
"2021-08-18 00:00:00";105,40375
"2021-08-19 00:00:00";113,404166666667
"2021-08-20 00:00:00";117,139166666667
"2021-08-21 00:00:00";110,140416666667
"2021-08-22 00:00:00";100,509166666667
"2021-08-23 00:00:00";99,755
"2021-08-24 00:00:00";102,063333333333
"2021-08-25 00:00:00";116,73375
"2021-08-26 00:00:00";122,756666666667
"2021-08-27 00:00:00";118,994166666667
"2021-08-28 00:00:00";110,22
"2021-08-29 00:00:00";102,034166666667
"2021-08-30 00:00:00";124,45125
"2021-08-31 00:00:00";130,530416666667
"2021-09-01 00:00:00";132,465
"2021-09-02 00:00:00";140,227083333333
"2021-09-03 00:00:00";137,7
"2021-09-04 00:00:00";134,894583333333
"2021-09-05 00:00:00";128,69625
"2021-09-06 00:00:00";132,645
"2021-09-07 00:00:00";127,355833333333
"2021-09-08 00:00:00";135,654166666667
"2021-09-09 00:00:00";141,7125
"2021-09-10 00:00:00";152,319583333333
"2021-09-11 00:00:00";150,779166666667
"2021-09-12 00:00:00";144,177916666667
"2021-09-13 00:00:00";154,156666666667
"2021-09-14 00:00:00";153,43
"2021-09-15 00:00:00";172,783333333333
"2021-09-16 00:00:00";188,176666666667
"2021-09-17 00:00:00";166,29
"2021-09-18 00:00:00";159,368333333333
"2021-09-19 00:00:00";146,574166666667
"2021-09-20 00:00:00";156,747916666667
"2021-09-21 00:00:00";150,256666666667
"2021-09-22 00:00:00";175,872083333333
"2021-09-23 00:00:00";165,19
"2021-09-24 00:00:00";172,96625
"2021-09-25 00:00:00";166,359166666667
"2021-09-26 00:00:00";160,415833333333
"2021-09-27 00:00:00";174,683333333333
"2021-09-28 00:00:00";182,7125
"2021-09-29 00:00:00";189,898333333333
"2021-09-30 00:00:00";189,825833333333
"2021-10-01 00:00:00";216,008333333333
"2021-10-02 00:00:00";173,649166666667
"2021-10-03 00:00:00";111,60125
"2021-10-04 00:00:00";186,4575
"2021-10-05 00:00:00";203,682083333333
"2021-10-06 00:00:00";228,5925
"2021-10-07 00:00:00";288,525416666667
"2021-10-08 00:00:00";229,20375
"2021-10-09 00:00:00";226,21
"2021-10-10 00:00:00";175,640416666667
"2021-10-11 00:00:00";184,479166666667
"2021-10-12 00:00:00";184,294166666667
"2021-10-13 00:00:00";185,735833333333
"2021-10-14 00:00:00";215,63
"2021-10-15 00:00:00";231,817083333333
"2021-10-16 00:00:00";226,929166666667
"2021-10-17 00:00:00";209,625416666667
"2021-10-18 00:00:00";227,450416666667
"2021-10-19 00:00:00";207,139166666667
"2021-10-20 00:00:00";201,399583333333
"2021-10-21 00:00:00";207,924583333333
"2021-10-22 00:00:00";203,544583333333
"2021-10-23 00:00:00";211,2125
"2021-10-24 00:00:00";213,289166666667
"2021-10-25 00:00:00";225,3625
"2021-10-26 00:00:00";215,83375
"2021-10-27 00:00:00";226,152916666667
"2021-10-28 00:00:00";205,045
"2021-10-29 00:00:00";175,827083333333
"2021-10-30 00:00:00";124,52625
"2021-10-31 00:00:00";77,5829166666667
"2021-11-01 00:00:00";91,19625
"2021-11-02 00:00:00";145,948333333333
"2021-11-03 00:00:00";154,293333333333
"2021-11-04 00:00:00";171,9125
"2021-11-05 00:00:00";171,449583333333
"2021-11-06 00:00:00";157,429166666667
"2021-11-07 00:00:00";131,497916666667
"2021-11-08 00:00:00";167,6725
"2021-11-09 00:00:00";178,452083333333
"2021-11-10 00:00:00";199,28
"2021-11-11 00:00:00";183,205833333333
"2021-11-12 00:00:00";185,01875
"2021-11-13 00:00:00";180,475
"2021-11-14 00:00:00";172,472083333333
"2021-11-15 00:00:00";180,572916666667
"2021-11-16 00:00:00";194,225833333333
"2021-11-17 00:00:00";194,84125
"2021-11-18 00:00:00";226,9425
"2021-11-19 00:00:00";228,842083333333
"2021-11-20 00:00:00";218,460833333333
"2021-11-21 00:00:00";229,61625
"2021-11-22 00:00:00";236,507083333333
"2021-11-23 00:00:00";225,575
"2021-11-24 00:00:00";225,70375
"2021-11-25 00:00:00";228,417083333333
"2021-11-26 00:00:00";227,593333333333
"2021-11-27 00:00:00";204,352916666667
"2021-11-28 00:00:00";201,415416666667
"2021-11-29 00:00:00";214,997083333333
"2021-11-30 00:00:00";274,557083333333
"2021-12-01 00:00:00";247,209583333333
"2021-12-02 00:00:00";220,660416666667
"2021-12-03 00:00:00";226,147083333333
"2021-12-04 00:00:00";220,897916666667
"2021-12-05 00:00:00";101,9725
"2021-12-06 00:00:00";209,782916666667
"2021-12-07 00:00:00";211,805833333333
"2021-12-08 00:00:00";108,726666666667
"2021-12-09 00:00:00";216,737083333333
"2021-12-10 00:00:00";208,407083333333
"2021-12-11 00:00:00";239,5325
"2021-12-12 00:00:00";256,975833333333
"2021-12-13 00:00:00";268,2075
"2021-12-14 00:00:00";287,77625
"2021-12-15 00:00:00";291,7275
"2021-12-16 00:00:00";302,484583333333
"2021-12-17 00:00:00";309,19625
"2021-12-18 00:00:00";306,329583333333
"2021-12-19 00:00:00";319,628333333333
"2021-12-20 00:00:00";339,839166666667
"2021-12-21 00:00:00";327,379583333333
"2021-12-22 00:00:00";360,024166666667
"2021-12-23 00:00:00";383,6725
"2021-12-24 00:00:00";311,016666666667
"2021-12-25 00:00:00";226,41625
"2021-12-26 00:00:00";188,52625
"2021-12-27 00:00:00";96,0783333333333
"2021-12-28 00:00:00";104,364166666667
"2021-12-29 00:00:00";181,088333333333
"2021-12-30 00:00:00";200,681666666667
"2021-12-31 00:00:00";140,82125
"2022-01-01 00:00:00";122,629166666667
"2022-01-02 00:00:00";136,968333333333
"2022-01-03 00:00:00";150,498333333333
"2022-01-04 00:00:00";152,145416666667
"2022-01-05 00:00:00";180,2
"2022-01-06 00:00:00";212,979166666667
"2022-01-07 00:00:00";215,855833333333
"2022-01-08 00:00:00";203,44625
"2022-01-09 00:00:00";119,24375
"2022-01-10 00:00:00";217,264583333333
"2022-01-11 00:00:00";223,163333333333
"2022-01-12 00:00:00";206,068333333333
"2022-01-13 00:00:00";215,105
"2022-01-14 00:00:00";202,947083333333
"2022-01-15 00:00:00";218,818333333333
"2022-01-16 00:00:00";213,09625
"2022-01-17 00:00:00";244,669583333333
"2022-01-18 00:00:00";222,73
"2022-01-19 00:00:00";213,160833333333
"2022-01-20 00:00:00";190,639166666667
"2022-01-21 00:00:00";179,089583333333
"2022-01-22 00:00:00";190,414583333333
"2022-01-23 00:00:00";201,34
"2022-01-24 00:00:00";226,99875
"2022-01-25 00:00:00";224,236666666667
"2022-01-26 00:00:00";236,77125
"2022-01-27 00:00:00";232,502083333333
"2022-01-28 00:00:00";224,587916666667
"2022-01-29 00:00:00";223,355
"2022-01-30 00:00:00";230,504583333333
"2022-01-31 00:00:00";221,817083333333
"2022-02-01 00:00:00";206,54125
"2022-02-02 00:00:00";210,17625
"2022-02-03 00:00:00";207,89
"2022-02-04 00:00:00";197,02625
"2022-02-05 00:00:00";198,3725
"2022-02-06 00:00:00";190,4675
"2022-02-07 00:00:00";206,462083333333
"2022-02-08 00:00:00";203,698333333333
"2022-02-09 00:00:00";210,524583333333
"2022-02-10 00:00:00";205,7025
"2022-02-11 00:00:00";196,492916666667
"2022-02-12 00:00:00";198,938333333333
"2022-02-13 00:00:00";164,044166666667
"2022-02-14 00:00:00";183,32375
"2022-02-15 00:00:00";199,944583333333
"2022-02-16 00:00:00";178,09125
"2022-02-17 00:00:00";163,409166666667
"2022-02-18 00:00:00";184,25625
"2022-02-19 00:00:00";137,757916666667
"2022-02-20 00:00:00";162,642083333333
"2022-02-21 00:00:00";183,317916666667
"2022-02-22 00:00:00";179,739166666667
"2022-02-23 00:00:00";195,862083333333
"2022-02-24 00:00:00";205,6025
"2022-02-25 00:00:00";240,13125
"2022-02-26 00:00:00";261,112083333333
"2022-02-27 00:00:00";256,8375
"2022-02-28 00:00:00";277,775
"2022-03-01 00:00:00";258,65875
"2022-03-02 00:00:00";254,030416666667
"2022-03-03 00:00:00";341,522916666667
"2022-03-04 00:00:00";340,695416666667
"2022-03-05 00:00:00";366,549583333333
"2022-03-06 00:00:00";379,03125
"2022-03-07 00:00:00";442,5375
"2022-03-08 00:00:00";544,98375
"2022-03-09 00:00:00";472,970416666667
"2022-03-10 00:00:00";369,7475
"2022-03-11 00:00:00";284,57875
"2022-03-12 00:00:00";246,05125
"2022-03-13 00:00:00";247,889583333333
"2022-03-14 00:00:00";251,704166666667
"2022-03-15 00:00:00";249,66375
"2022-03-16 00:00:00";263,647083333333
"2022-03-17 00:00:00";217,125416666667
"2022-03-18 00:00:00";232,282083333333
"2022-03-19 00:00:00";221,91125
"2022-03-20 00:00:00";207,1125
"2022-03-21 00:00:00";229,71125
"2022-03-22 00:00:00";226,1425
"2022-03-23 00:00:00";212,436666666667
"2022-03-24 00:00:00";225,7125
"2022-03-25 00:00:00";263,85125
"2022-03-26 00:00:00";237,445416666667
"2022-03-27 00:00:00";219,422608695652
"2022-03-28 00:00:00";231,71875
"2022-03-29 00:00:00";248,097083333333
"2022-03-30 00:00:00";255,81
"2022-03-31 00:00:00";239,369166666667
"2022-04-01 00:00:00";224,754583333333
"2022-04-02 00:00:00";225,08375
"2022-04-03 00:00:00";228,295833333333
"2022-04-04 00:00:00";251,8675
"2022-04-05 00:00:00";265,01625
"2022-04-06 00:00:00";254,994583333333
"2022-04-07 00:00:00";214,792916666667
"2022-04-08 00:00:00";154,69625
"2022-04-09 00:00:00";241,58625
"2022-04-10 00:00:00";159,33125
"2022-04-11 00:00:00";163,1275
"2022-04-12 00:00:00";237,299583333333
"2022-04-13 00:00:00";229,435
"2022-04-14 00:00:00";220,76125
"2022-04-15 00:00:00";198,472916666667
"2022-04-16 00:00:00";153,85
"2022-04-17 00:00:00";111,350833333333
"2022-04-18 00:00:00";103,243333333333
"2022-04-19 00:00:00";112,121666666667
"2022-04-20 00:00:00";85,1891666666667
"2022-04-21 00:00:00";161,7175
"2022-04-22 00:00:00";207,76875
"2022-04-23 00:00:00";86,24875
"2022-04-24 00:00:00";146,946666666667
"2022-04-25 00:00:00";226,565833333333
"2022-04-26 00:00:00";233,78
"2022-04-27 00:00:00";220,94625
"2022-04-28 00:00:00";224,965
"2022-04-29 00:00:00";214,838333333333
"2022-04-30 00:00:00";186,449166666667
"2022-05-01 00:00:00";177,858333333333
"2022-05-02 00:00:00";191,80625
"2022-05-03 00:00:00";191,47125
"2022-05-04 00:00:00";202,149166666667
"2022-05-05 00:00:00";190,7725
"2022-05-06 00:00:00";197,632083333333
"2022-05-07 00:00:00";184,86375
"2022-05-08 00:00:00";172,392083333333
"2022-05-09 00:00:00";208,736666666667
"2022-05-10 00:00:00";208,70625
"2022-05-11 00:00:00";186,839166666667
"2022-05-12 00:00:00";187,26625
"2022-05-13 00:00:00";202,990416666667
"2022-05-14 00:00:00";191,5525
"2022-05-15 00:00:00";127,228333333333
"2022-05-16 00:00:00";195,234583333333
"2022-05-17 00:00:00";199,357083333333
"2022-05-18 00:00:00";194,861666666667
"2022-05-19 00:00:00";191,075416666667
"2022-05-20 00:00:00";203,73625
"2022-05-21 00:00:00";178,7075
"2022-05-22 00:00:00";170,56125
"2022-05-23 00:00:00";194,16125
"2022-05-24 00:00:00";180,010833333333
"2022-05-25 00:00:00";184,573333333333
"2022-05-26 00:00:00";173,288333333333
"2022-05-27 00:00:00";168,539166666667
"2022-05-28 00:00:00";162,251666666667
"2022-05-29 00:00:00";161,8425
"2022-05-30 00:00:00";206,61875
"2022-05-31 00:00:00";213,821666666667
"2022-06-01 00:00:00";210,453333333333
"2022-06-02 00:00:00";214,737916666667
"2022-06-03 00:00:00";214,504166666667
"2022-06-04 00:00:00";203,86125
"2022-06-05 00:00:00";193,654166666667
"2022-06-06 00:00:00";194,941666666667
"2022-06-07 00:00:00";193,320416666667
"2022-06-08 00:00:00";185,448333333333
"2022-06-09 00:00:00";182,669583333333
"2022-06-10 00:00:00";194,350833333333
"2022-06-11 00:00:00";190,498333333333
"2022-06-12 00:00:00";167,060416666667
"2022-06-13 00:00:00";200,6175
"2022-06-14 00:00:00";214,045416666667
"2022-06-15 00:00:00";165,589583333333
"2022-06-16 00:00:00";170,812916666667
"2022-06-17 00:00:00";177,903333333333
"2022-06-18 00:00:00";146,535833333333
"2022-06-19 00:00:00";122,611666666667
"2022-06-20 00:00:00";157,480416666667
"2022-06-21 00:00:00";148,027916666667
"2022-06-22 00:00:00";152,75
"2022-06-23 00:00:00";149,855416666667
"2022-06-24 00:00:00";137,587916666667
"2022-06-25 00:00:00";128,703333333333
"2022-06-27 00:00:00";143,27
"2022-06-28 00:00:00";144,664166666667
"2022-06-29 00:00:00";132,74
"2022-06-30 00:00:00";132,1325
"2022-07-01 00:00:00";145,220833333333
"2022-07-02 00:00:00";142,42375
"2022-07-03 00:00:00";133,495
"2022-07-04 00:00:00";159,923333333333
"2022-07-05 00:00:00";139,164166666667
"2022-07-06 00:00:00";145,299166666667
"2022-07-07 00:00:00";124,202916666667
"2022-07-08 00:00:00";146,732083333333
"2022-07-09 00:00:00";148,620833333333
"2022-07-10 00:00:00";138,620833333333
"2022-07-11 00:00:00";157,538333333333
"2022-07-12 00:00:00";155,705
"2022-07-13 00:00:00";159,45
"2022-07-14 00:00:00";162,2225
"2022-07-15 00:00:00";147,251666666667
"2022-07-16 00:00:00";136,832916666667
"2022-07-17 00:00:00";102,445
"2022-07-18 00:00:00";115,767916666667
"2022-07-19 00:00:00";142,35375
"2022-07-20 00:00:00";147,5375
"2022-07-21 00:00:00";138,84375
"2022-07-22 00:00:00";133,4525
"2022-07-23 00:00:00";155,989583333333
"2022-07-24 00:00:00";136,98625
"2022-07-25 00:00:00";158,02
"2022-07-26 00:00:00";145,6475
"2022-07-27 00:00:00";148,252916666667
"2022-07-28 00:00:00";169,86
"2022-07-29 00:00:00";141,50625
"2022-07-30 00:00:00";129,977916666667
"2022-07-31 00:00:00";113,091666666667
"2022-08-01 00:00:00";147,434583333333
"2022-08-02 00:00:00";151,294166666667
"2022-08-03 00:00:00";147,85
"2022-08-04 00:00:00";147,23375
"2022-08-05 00:00:00";135,24125
"2022-08-06 00:00:00";135,534166666667
"2022-08-07 00:00:00";123,975416666667
"2022-08-08 00:00:00";146,307916666667
"2022-08-09 00:00:00";143,9875
"2022-08-10 00:00:00";144,777916666667
"2022-08-11 00:00:00";150,127083333333
"2022-08-12 00:00:00";158,2475
"2022-08-13 00:00:00";152,32375
"2022-08-14 00:00:00";149,181666666667
"2022-08-15 00:00:00";145,35125
"2022-08-16 00:00:00";143,204583333333
"2022-08-17 00:00:00";139,296666666667
"2022-08-18 00:00:00";134,67375
"2022-08-19 00:00:00";135,35
"2022-08-20 00:00:00";169,114166666667
"2022-08-21 00:00:00";141,099166666667
"2022-08-22 00:00:00";176,576666666667
"2022-08-23 00:00:00";182,93
"2022-08-24 00:00:00";186,952083333333
"2022-08-25 00:00:00";161,87875
"2022-08-26 00:00:00";175,32625
"2022-08-27 00:00:00";160,03875
"2022-08-28 00:00:00";138,74375
"2022-08-29 00:00:00";188,42125
"2022-08-30 00:00:00";201,962916666667
"2022-08-31 00:00:00";187,295833333333
"2022-09-01 00:00:00";193,36125
"2022-09-02 00:00:00";152,135833333333
"2022-09-03 00:00:00";119,22375
"2022-09-04 00:00:00";146,616666666667
"2022-09-05 00:00:00";188,531666666667
"2022-09-06 00:00:00";169,567916666667
"2022-09-07 00:00:00";106,562916666667
"2022-09-08 00:00:00";155,93625
"2022-09-09 00:00:00";159,725
"2022-09-10 00:00:00";176,052916666667
"2022-09-11 00:00:00";161,42125
"2022-09-12 00:00:00";175,63125
"2022-09-13 00:00:00";128,7525
"2022-09-14 00:00:00";133,613333333333
"2022-09-15 00:00:00";176,46125
"2022-09-16 00:00:00";171,46375
"2022-09-17 00:00:00";61,6829166666667
"2022-09-18 00:00:00";131,607916666667
"2022-09-19 00:00:00";193,030833333333
"2022-09-20 00:00:00";149,47125
"2022-09-21 00:00:00";137,402916666667
"2022-09-22 00:00:00";175,419166666667
"2022-09-23 00:00:00";127,906666666667
"2022-09-24 00:00:00";106,742916666667
"2022-09-25 00:00:00";71,96625
"2022-09-26 00:00:00";119,766666666667
"2022-09-27 00:00:00";100,15875
"2022-09-28 00:00:00";108,800833333333
"2022-09-29 00:00:00";114,68625
"2022-09-30 00:00:00";118,389583333333
"2022-10-01 00:00:00";116,085
"2022-10-02 00:00:00";145,004583333333
"2022-10-03 00:00:00";200,380416666667
"2022-10-04 00:00:00";190,525416666667
"2022-10-05 00:00:00";167,96125
"2022-10-06 00:00:00";113,105833333333
"2022-10-07 00:00:00";154,370416666667
"2022-10-08 00:00:00";119,30625
"2022-10-09 00:00:00";114,23125
"2022-10-10 00:00:00";163,916666666667
"2022-10-11 00:00:00";170,77
"2022-10-12 00:00:00";133,957083333333
"2022-10-13 00:00:00";145,72
"2022-10-14 00:00:00";134,326666666667
"2022-10-15 00:00:00";115,7275
"2022-10-16 00:00:00";103,965833333333
"2022-10-17 00:00:00";140,229166666667
"2022-10-18 00:00:00";107,462916666667
"2022-10-19 00:00:00";81,7120833333333
"2022-10-20 00:00:00";86,6554166666667
"2022-10-21 00:00:00";107,803333333333
"2022-10-22 00:00:00";105,905
"2022-10-23 00:00:00";72,8358333333333
"2022-10-24 00:00:00";109,784583333333
"2022-10-25 00:00:00";106,658333333333
"2022-10-26 00:00:00";108,620416666667
"2022-10-27 00:00:00";114,461666666667
"2022-10-28 00:00:00";110,959166666667
"2022-10-29 00:00:00";101,3925
"2022-10-30 00:00:00";135,37
"2022-10-31 00:00:00";164,072916666667
"2022-11-01 00:00:00";110,320416666667
"2022-11-02 00:00:00";125,983333333333
"2022-11-03 00:00:00";121,89375
"2022-11-04 00:00:00";150,442083333333
"2022-11-05 00:00:00";124,792083333333
"2022-11-06 00:00:00";113,48125
"2022-11-07 00:00:00";120,91
"2022-11-08 00:00:00";113,395
"2022-11-09 00:00:00";132,515416666667
"2022-11-10 00:00:00";134,783333333333
"2022-11-11 00:00:00";121,184166666667
"2022-11-12 00:00:00";106,221666666667
"2022-11-13 00:00:00";131,688333333333
"2022-11-14 00:00:00";139,802916666667
"2022-11-15 00:00:00";109,656666666667
"2022-11-16 00:00:00";103,977083333333
"2022-11-17 00:00:00";78,9333333333333
"2022-11-18 00:00:00";115,67375
"2022-11-19 00:00:00";67,3816666666667
"2022-11-20 00:00:00";96,5783333333333
"2022-11-21 00:00:00";80,64375
"2022-11-22 00:00:00";73,3566666666667
"2022-11-23 00:00:00";90,5341666666667
"2022-11-24 00:00:00";137,735
"2022-11-25 00:00:00";141,392916666667
"2022-11-26 00:00:00";130,21125
"2022-11-27 00:00:00";117,042916666667
"2022-11-28 00:00:00";103,364166666667
"2022-11-29 00:00:00";121,54125
"2022-11-30 00:00:00";151,245833333333
"2022-12-01 00:00:00";150,075
"2022-12-02 00:00:00";127,620416666667
"2022-12-03 00:00:00";120,021666666667
"2022-12-04 00:00:00";189,806666666667
"2022-12-05 00:00:00";209,295416666667
"2022-12-06 00:00:00";153,444583333333
"2022-12-07 00:00:00";142,304166666667
"2022-12-08 00:00:00";122,38625
"2022-12-09 00:00:00";144,388333333333
"2022-12-10 00:00:00";125,01875
"2022-12-11 00:00:00";146,449583333333
"2022-12-12 00:00:00";114,50875
"2022-12-13 00:00:00";97,6858333333333
"2022-12-14 00:00:00";81,3833333333333
"2022-12-15 00:00:00";131,312916666667
"2022-12-16 00:00:00";128,615833333333
"2022-12-17 00:00:00";133,8225
"2022-12-18 00:00:00";97,7341666666667
"2022-12-20 00:00:00";65,4066666666667
"2022-12-21 00:00:00";64,0883333333333
"2022-12-22 00:00:00";52,0304166666667
"2022-12-23 00:00:00";22,3408333333333
"2022-12-24 00:00:00";36,40625
"2022-12-25 00:00:00";15,2429166666667
"2022-12-26 00:00:00";77,3233333333333
"2022-12-27 00:00:00";109,4925
"2022-12-28 00:00:00";41,4108333333333
"2022-12-29 00:00:00";16,1875
"2022-12-30 00:00:00";6,0225
"2022-12-31 00:00:00";2,65375
"2023-01-01 00:00:00";6,69708333333333
"2023-01-02 00:00:00";112,55
"2023-01-03 00:00:00";138,786666666667
"2023-01-04 00:00:00";115,257083333333
"2023-01-05 00:00:00";109,185
"2023-01-06 00:00:00";104,14
"2023-01-07 00:00:00";23,77375
"2023-01-08 00:00:00";10,2816666666667
"2023-01-09 00:00:00";85,7825
"2023-01-10 00:00:00";109,39875
"2023-01-11 00:00:00";83,8354166666667
"2023-01-12 00:00:00";92,68875
"2023-01-13 00:00:00";88,4829166666667
"2023-01-15 00:00:00";22,0525
"2023-01-16 00:00:00";13,2216666666667
"2023-01-17 00:00:00";5,09625
"2023-01-18 00:00:00";21,6095833333333
"2023-01-19 00:00:00";34,5133333333333
"2023-01-20 00:00:00";91,2025
"2023-01-21 00:00:00";58,8908333333333
"2023-01-22 00:00:00";37,6991666666667
"2023-01-23 00:00:00";71,92
"2023-01-24 00:00:00";87,4479166666667
"2023-01-25 00:00:00";93,2525
"2023-01-26 00:00:00";67,3979166666667
"2023-01-27 00:00:00";45,6720833333333
"2023-01-28 00:00:00";41,4183333333333
"2023-01-29 00:00:00";68,4079166666667
"2023-01-30 00:00:00";135,370833333333
"2023-01-31 00:00:00";127,073333333333
"2023-02-01 00:00:00";128,5525
"2023-02-02 00:00:00";138,460833333333
"2023-02-03 00:00:00";138,584583333333
"2023-02-04 00:00:00";125,599166666667
"2023-02-05 00:00:00";79,38125
"2023-02-06 00:00:00";134,982916666667
"2023-02-07 00:00:00";137,36
"2023-02-08 00:00:00";138,0025
"2023-02-09 00:00:00";144,99625
"2023-02-10 00:00:00";142,051666666667
"2023-02-11 00:00:00";131,76
"2023-02-12 00:00:00";137,76875
"2023-02-13 00:00:00";146,767083333333
"2023-02-14 00:00:00";142,902916666667
"2023-02-15 00:00:00";145,070833333333
"2023-02-16 00:00:00";145,805
"2023-02-17 00:00:00";133,559166666667
"2023-02-18 00:00:00";128,5625
"2023-02-19 00:00:00";124,086666666667
"2023-02-20 00:00:00";134,132916666667
"2023-02-21 00:00:00";151,427083333333
"2023-02-22 00:00:00";144,449583333333
"2023-02-23 00:00:00";140,568333333333
"2023-02-24 00:00:00";148,07875
"2023-02-25 00:00:00";143,0975
"2023-02-26 00:00:00";81,04625
"2023-02-27 00:00:00";117,507916666667
"2023-02-28 00:00:00";132,68125
"2023-03-01 00:00:00";145,91125
"2023-03-02 00:00:00";142,09125
"2023-03-03 00:00:00";142,555416666667
"2023-03-04 00:00:00";138,569166666667
"2023-03-05 00:00:00";143,924166666667
"2023-03-06 00:00:00";147,770833333333
"2023-03-07 00:00:00";120,986666666667
"2023-03-08 00:00:00";98,9295833333333
"2023-03-09 00:00:00";73,5929166666667
"2023-03-10 00:00:00";42,7104166666667
"2023-03-11 00:00:00";30,0320833333333
"2023-03-12 00:00:00";80,6183333333333
"2023-03-13 00:00:00";36,84125
"2023-03-14 00:00:00";61,5091666666667
"2023-03-15 00:00:00";132,675
"2023-03-16 00:00:00";87,8308333333333
"2023-03-17 00:00:00";70,2675
"2023-03-18 00:00:00";101,61375
"2023-03-19 00:00:00";95,8741666666667
"2023-03-20 00:00:00";121,564166666667
"2023-03-21 00:00:00";119,33875
"2023-03-22 00:00:00";101,2175
"2023-03-23 00:00:00";83,8383333333333
"2023-03-24 00:00:00";59,1545833333333
"2023-03-25 00:00:00";39,0383333333333
"2023-03-26 00:00:00";28,4773913043478
"2023-03-27 00:00:00";102,62875
"2023-03-28 00:00:00";111,910833333333
"2023-03-29 00:00:00";68,9054166666667
"2023-03-30 00:00:00";31,1095833333333
"2023-03-31 00:00:00";16,52625
"2023-04-01 00:00:00";33,9941666666667
"2023-04-02 00:00:00";15,74375
"2023-04-03 00:00:00";61,7916666666667
"2023-04-04 00:00:00";56,2054166666667
"2023-04-05 00:00:00";104,085
"2023-04-06 00:00:00";89,6533333333333
"2023-04-07 00:00:00";83,2066666666667
"2023-04-08 00:00:00";86,6175
"2023-04-09 00:00:00";75,5695833333333
"2023-04-10 00:00:00";52,53625
"2023-04-11 00:00:00";91,40375
"2023-04-12 00:00:00";38,8970833333333
"2023-04-13 00:00:00";56,9954166666667
"2023-04-14 00:00:00";46,725
"2023-04-15 00:00:00";21,76875
"2023-04-16 00:00:00";25,4108333333333
"2023-04-17 00:00:00";66,6641666666667
"2023-04-18 00:00:00";96,1904166666667
"2023-04-19 00:00:00";113,477083333333
"2023-04-20 00:00:00";108,28375
"2023-04-21 00:00:00";100,897916666667
"2023-04-22 00:00:00";78,7770833333333
"2023-04-23 00:00:00";49,9395833333333
"2023-04-24 00:00:00";92,0758333333333
"2023-04-25 00:00:00";90,9491666666667
"2023-04-26 00:00:00";108,734166666667
"2023-04-27 00:00:00";109,05
"2023-04-28 00:00:00";107,893333333333
"2023-04-29 00:00:00";83,4258333333333
"2023-04-30 00:00:00";65,03875
"2023-05-01 00:00:00";61,3466666666667
"2023-05-02 00:00:00";108,396666666667
"2023-05-03 00:00:00";84,3025
"2023-05-04 00:00:00";90,3991666666667
"2023-05-05 00:00:00";100,823333333333
"2023-05-06 00:00:00";91,42625
"2023-05-07 00:00:00";63,5391666666667
"2023-05-08 00:00:00";97,5133333333333
"2023-05-09 00:00:00";89,4829166666667
"2023-05-10 00:00:00";82,7683333333333
"2023-05-11 00:00:00";81,73125
"2023-05-12 00:00:00";74,1370833333333
"2023-05-13 00:00:00";51,1233333333333
"2023-05-14 00:00:00";39,575
"2023-05-15 00:00:00";55,6029166666667
"2023-05-16 00:00:00";42,4770833333333
"2023-05-17 00:00:00";49,5791666666667
"2023-05-18 00:00:00";51,7583333333333
"2023-05-19 00:00:00";60,2725
"2023-05-20 00:00:00";45,2695833333333
"2023-05-21 00:00:00";31,515
"2023-05-22 00:00:00";88,8454166666667
"2023-05-23 00:00:00";83,7766666666667
"2023-05-24 00:00:00";85,2266666666667
"2023-05-25 00:00:00";75,88375
"2023-05-26 00:00:00";65,5458333333333
"2023-05-27 00:00:00";86,4158333333333
"2023-05-29 00:00:00";95,8020833333333
"2023-05-30 00:00:00";92,5316666666667
"2023-05-31 00:00:00";88,4470833333333
"2023-06-01 00:00:00";85,37125
"2023-06-02 00:00:00";86,7354166666667
"2023-06-03 00:00:00";79,3633333333333
"2023-06-04 00:00:00";67,2329166666667
"2023-06-05 00:00:00";86,6541666666667
"2023-06-06 00:00:00";87,2620833333333
"2023-06-07 00:00:00";87,16
"2023-06-08 00:00:00";81,1258333333333
"2023-06-09 00:00:00";81,6666666666667
"2023-06-10 00:00:00";80,8766666666667
"2023-06-11 00:00:00";67,1995833333333
"2023-06-12 00:00:00";93,57875
"2023-06-13 00:00:00";89,7208333333333
"2023-06-14 00:00:00";84,5316666666667
"2023-06-15 00:00:00";104,87625
"2023-06-16 00:00:00";122,424166666667
"2023-06-17 00:00:00";97,4875
"2023-06-18 00:00:00";86,3904166666667
"2023-06-19 00:00:00";106,719166666667
"2023-06-20 00:00:00";111,739166666667
"2023-06-21 00:00:00";117,05625
"2023-06-22 00:00:00";122,445416666667
"2023-06-23 00:00:00";110,356666666667
"2023-06-24 00:00:00";82,33625
"2023-06-25 00:00:00";72,2745833333333
"2023-06-26 00:00:00";93,345
"2023-06-27 00:00:00";100,52
"2023-06-28 00:00:00";103,797916666667
"2023-06-29 00:00:00";103,8325
"2023-06-30 00:00:00";96,5704166666667
"2023-07-01 00:00:00";60,34375
"2023-07-03 00:00:00";117,02375
"2023-07-04 00:00:00";113,02875
"2023-07-05 00:00:00";106,540833333333
"2023-07-06 00:00:00";111,937916666667
"2023-07-07 00:00:00";102,735833333333
"2023-07-08 00:00:00";87,9254166666667
"2023-07-09 00:00:00";91,1991666666667
"2023-07-10 00:00:00";109,923333333333
"2023-07-11 00:00:00";106,369583333333
"2023-07-12 00:00:00";100,354166666667
"2023-07-13 00:00:00";102,451666666667
"2023-07-14 00:00:00";87,4520833333333
"2023-07-15 00:00:00";63,0016666666667
"2023-07-16 00:00:00";59,67375
"2023-07-17 00:00:00";87,475
"2023-07-18 00:00:00";96,62
"2023-07-19 00:00:00";95,105
"2023-07-20 00:00:00";93,81
"2023-07-21 00:00:00";92,8104166666667
"2023-07-22 00:00:00";91,5166666666667
"2023-07-23 00:00:00";61,92625
"2023-07-24 00:00:00";90,2741666666667
"2023-07-25 00:00:00";90,6341666666667
"2023-07-26 00:00:00";101,3675
"2023-07-27 00:00:00";99,2308333333333
"2023-07-28 00:00:00";98,2508333333333
"2023-07-29 00:00:00";80,5608333333333
"2023-07-30 00:00:00";67,7866666666667
"2023-07-31 00:00:00";88,9233333333333
"2023-08-01 00:00:00";86,6533333333333
"2023-08-02 00:00:00";76,0904166666667
"2023-08-03 00:00:00";64,75875
"2023-08-04 00:00:00";66,8433333333333
"2023-08-05 00:00:00";68,9525
"2023-08-06 00:00:00";28,1491666666667
"2023-08-07 00:00:00";74,44625
"2023-08-08 00:00:00";96,43625
"2023-08-09 00:00:00";99,7666666666667
"2023-08-10 00:00:00";104,745416666667
"2023-08-11 00:00:00";113,0925
"2023-08-12 00:00:00";98,1966666666667
"2023-08-13 00:00:00";72,8179166666667
"2023-08-14 00:00:00";97,6075
"2023-08-15 00:00:00";95,6341666666667
"2023-08-16 00:00:00";105,841666666667
"2023-08-17 00:00:00";113,956666666667
"2023-08-18 00:00:00";107,6375
"2023-08-19 00:00:00";109,849166666667
"2023-08-20 00:00:00";113,169166666667
"2023-08-21 00:00:00";117,245833333333
"2023-08-22 00:00:00";120,6725
"2023-08-23 00:00:00";134,94
"2023-08-24 00:00:00";132,91
"2023-08-25 00:00:00";111,692916666667
"2023-08-26 00:00:00";101,869166666667
"2023-08-27 00:00:00";52,3116666666667
"2023-08-28 00:00:00";89,6608333333333
"2023-08-29 00:00:00";102,574583333333
"2023-08-30 00:00:00";108,3225
"2023-08-31 00:00:00";110,570416666667
"2023-09-01 00:00:00";105,7975
"2023-09-02 00:00:00";102,332916666667
"2023-09-03 00:00:00";63,3475
"2023-09-04 00:00:00";86,85375
"2023-09-05 00:00:00";103,7875
"2023-09-06 00:00:00";107,095416666667
"2023-09-07 00:00:00";107,096666666667
"2023-09-08 00:00:00";103,827083333333
"2023-09-09 00:00:00";100,7
"2023-09-10 00:00:00";102,070416666667
"2023-09-11 00:00:00";116,9375
"2023-09-12 00:00:00";116,65625
"2023-09-13 00:00:00";108,570833333333
"2023-09-14 00:00:00";106,455
"2023-09-15 00:00:00";115,377083333333
"2023-09-16 00:00:00";98,91
"2023-09-17 00:00:00";63,7695833333333
"2023-09-18 00:00:00";105,8075
"2023-09-19 00:00:00";109,902916666667
"2023-09-20 00:00:00";93,6533333333333
"2023-09-21 00:00:00";92,105
"2023-09-22 00:00:00";101,46625
"2023-09-23 00:00:00";110,035416666667
"2023-09-24 00:00:00";83,0125
"2023-09-25 00:00:00";119,047916666667
"2023-09-26 00:00:00";123,052083333333
"2023-09-27 00:00:00";114,834583333333
"2023-09-28 00:00:00";113,856666666667
"2023-09-29 00:00:00";118,960833333333
"2023-09-30 00:00:00";104,893333333333
"2023-10-01 00:00:00";95,9958333333333
"2023-10-02 00:00:00";114,86125
"2023-10-03 00:00:00";106,604166666667
"2023-10-04 00:00:00";102,74
"2023-10-05 00:00:00";103,5
"2023-10-06 00:00:00";105,509583333333
"2023-10-07 00:00:00";99,1579166666667
"2023-10-08 00:00:00";104,2325
"2023-10-09 00:00:00";120,960416666667
"2023-10-10 00:00:00";125,389583333333
"2023-10-11 00:00:00";123,585833333333
"2023-10-12 00:00:00";121,949583333333
"2023-10-13 00:00:00";118,637916666667
"2023-10-14 00:00:00";135,134166666667
"2023-10-15 00:00:00";132,185416666667
"2023-10-16 00:00:00";141,045
"2023-10-17 00:00:00";108,229166666667
"2023-10-18 00:00:00";60,7408333333333
"2023-10-19 00:00:00";67,8058333333333
"2023-10-20 00:00:00";23,1220833333333
"2023-10-21 00:00:00";61,2408333333333
"2023-10-22 00:00:00";86,9791666666667
"2023-10-23 00:00:00";124,120416666667
"2023-10-24 00:00:00";104,175416666667
"2023-10-25 00:00:00";68,70875
"2023-10-26 00:00:00";51,7704166666667
"2023-10-27 00:00:00";27,2091666666667
"2023-10-28 00:00:00";6,44791666666667
"2023-10-29 00:00:00";11,6325
"2023-10-30 00:00:00";34,9958333333333
"2023-10-31 00:00:00";104,924583333333
"2023-11-01 00:00:00";4,52541666666667
"2023-11-02 00:00:00";4,4175
"2023-11-03 00:00:00";5,75791666666667
"2023-11-04 00:00:00";1,5125
"2023-11-05 00:00:00";5,025
"2023-11-06 00:00:00";55,1458333333333
"2023-11-07 00:00:00";97,8879166666667
"2023-11-08 00:00:00";91,4625
"2023-11-09 00:00:00";71,2091666666667
"2023-11-10 00:00:00";54,3516666666667
"2023-11-11 00:00:00";8,7325
"2023-11-12 00:00:00";20,9929166666667
"2023-11-13 00:00:00";52,1370833333333
"2023-11-14 00:00:00";67,26875
"2023-11-15 00:00:00";94,71875
"2023-11-16 00:00:00";101,853333333333
"2023-11-17 00:00:00";118,000416666667
"2023-11-18 00:00:00";89,0483333333333
"2023-11-19 00:00:00";71,1945833333333
"2023-11-20 00:00:00";94,1145833333333
"2023-11-21 00:00:00";41,0533333333333
"2023-11-22 00:00:00";29,6104166666667
"2023-11-23 00:00:00";52,4891666666667
"2023-11-24 00:00:00";66,13375