"Dia";"Diesel A";"Gasolina 95"
"2020-03-30 00:00:00";1,0699;1,1647
"2020-03-31 00:00:00";1,0628;1,1575
"2020-04-01 00:00:00";1,0555;1,1506
"2020-04-02 00:00:00";1,0515;1,1466
"2020-04-03 00:00:00";1,0486;1,1432
"2020-04-05 00:00:00";1,0458;1,143
"2020-04-06 00:00:00";1,0451;1,1425
"2020-04-09 00:00:00";1,0451;1,1417
"2020-04-10 00:00:00";1,0442;1,1407
"2020-04-11 00:00:00";1,044;1,1406
"2020-04-12 00:00:00";1,0452;1,1418
"2020-04-13 00:00:00";1,0452;1,1418
"2020-04-14 00:00:00";1,0435;1,1404
"2020-04-15 00:00:00";1,0427;1,1403
"2020-04-16 00:00:00";1,0375;1,1381
"2020-04-17 00:00:00";1,0338;1,137
"2020-04-18 00:00:00";1,0335;1,1392
"2020-04-19 00:00:00";1,0332;1,1389
"2020-04-20 00:00:00";1,0332;1,1389
"2020-04-21 00:00:00";1,0282;1,1329
"2020-04-22 00:00:00";1,0253;1,1311
"2020-04-23 00:00:00";1,0177;1,1225
"2020-04-24 00:00:00";1,0115;1,1174
"2020-04-25 00:00:00";1,0116;1,1169
"2020-04-26 00:00:00";1,0116;1,1168
"2020-04-27 00:00:00";1,0103;1,1157
"2020-04-28 00:00:00";1,0067;1,1118
"2020-04-29 00:00:00";1,002;1,1077
"2020-04-30 00:00:00";0,9979;1,1047
"2020-05-01 00:00:00";0,9924;1,1004
"2020-05-02 00:00:00";0,9967;1,1063
"2020-05-03 00:00:00";0,9967;1,1057
"2020-05-04 00:00:00";0,996;1,105
"2020-05-05 00:00:00";0,9943;1,1044
"2020-05-06 00:00:00";0,9949;1,104
"2020-05-07 00:00:00";0,9968;1,1078
"2020-05-08 00:00:00";0,9979;1,1097
"2020-05-09 00:00:00";1,0028;1,1152
"2020-05-10 00:00:00";1,0026;1,1151
"2020-05-11 00:00:00";1,0045;1,1166
"2020-05-12 00:00:00";1,0034;1,1156
"2020-05-13 00:00:00";1,0039;1,1169
"2020-05-14 00:00:00";1,0028;1,1154
"2020-05-15 00:00:00";1,0026;1,115
"2020-05-16 00:00:00";1,0059;1,1171
"2020-05-17 00:00:00";1,0063;1,1172
"2020-05-18 00:00:00";1,0068;1,1174
"2020-05-19 00:00:00";1,01;1,1195
"2020-05-20 00:00:00";1,0127;1,1221
"2020-05-21 00:00:00";1,0208;1,1295
"2020-05-22 00:00:00";1,0206;1,1292
"2020-05-23 00:00:00";1,0209;1,1301
"2020-05-24 00:00:00";1,021;1,13
"2020-05-25 00:00:00";1,0221;1,1311
"2020-05-26 00:00:00";1,0244;1,1333
"2020-05-27 00:00:00";1,0233;1,1325
"2020-05-28 00:00:00";1,0252;1,1342
"2020-05-29 00:00:00";1,0259;1,1354
"2020-05-30 00:00:00";1,0252;1,1347
"2020-05-31 00:00:00";1,024;1,135
"2020-06-01 00:00:00";1,0232;1,1343
"2020-06-02 00:00:00";1,0229;1,1346
"2020-06-03 00:00:00";1,0273;1,1388
"2020-06-04 00:00:00";1,0274;1,1389
"2020-06-05 00:00:00";1,0318;1,1455
"2020-06-06 00:00:00";1,0314;1,1469
"2020-06-07 00:00:00";1,0314;1,1484
"2020-06-08 00:00:00";1,0325;1,1497
"2020-06-09 00:00:00";1,032;1,1505
"2020-06-10 00:00:00";1,0365;1,1577
"2020-06-11 00:00:00";1,0385;1,1593
"2020-06-12 00:00:00";1,0409;1,1604
"2020-06-13 00:00:00";1,04;1,1596
"2020-06-14 00:00:00";1,0383;1,1572
"2020-06-15 00:00:00";1,0383;1,1569
"2020-06-16 00:00:00";1,0391;1,1577
"2020-06-17 00:00:00";1,0406;1,1589
"2020-06-18 00:00:00";1,0449;1,1639
"2020-06-19 00:00:00";1,0457;1,1656
"2020-06-20 00:00:00";1,0497;1,1692
"2020-06-21 00:00:00";1,05;1,1708
"2020-06-22 00:00:00";1,05;1,1711
"2020-06-23 00:00:00";1,0591;1,1821
"2020-06-24 00:00:00";1,0597;1,1843
"2020-06-25 00:00:00";1,0595;1,1843
"2020-06-28 00:00:00";1,058;1,1824
"2020-06-29 00:00:00";1,0585;1,1827
"2020-06-30 00:00:00";1,0609;1,1844
"2020-07-01 00:00:00";1,0608;1,1848
"2020-07-06 00:00:00";1,0799;1,2028
"2020-07-07 00:00:00";1,0789;1,2017
"2020-07-08 00:00:00";1,0844;1,2068
"2020-07-09 00:00:00";1,0834;1,2058
"2020-07-10 00:00:00";1,0853;1,2086
"2020-07-11 00:00:00";1,0847;1,2078
"2020-07-12 00:00:00";1,0847;1,2077
"2020-07-13 00:00:00";1,0855;1,2084
"2020-07-14 00:00:00";1,0864;1,2087
"2020-07-15 00:00:00";1,0916;1,2117
"2020-07-18 00:00:00";1,0933;1,2127
"2020-07-19 00:00:00";1,092;1,2118
"2020-07-20 00:00:00";1,0929;1,2126
"2020-07-21 00:00:00";1,09;1,21
"2020-07-22 00:00:00";1,0899;1,2086
"2020-07-23 00:00:00";1,0896;1,2099
"2020-07-24 00:00:00";1,093;1,2118
"2020-07-25 00:00:00";1,0917;1,2106
"2020-07-26 00:00:00";1,0918;1,2106
"2020-07-27 00:00:00";1,0904;1,209
"2020-07-28 00:00:00";1,0904;1,209
"2020-07-29 00:00:00";1,0895;1,2059
"2020-08-03 00:00:00";1,0848;1,2008
"2020-08-05 00:00:00";1,085;1,199
"2020-08-07 00:00:00";1,0878;1,202
"2020-08-10 00:00:00";1,088;1,2029
"2020-08-12 00:00:00";1,0872;1,2051
"2020-08-13 00:00:00";1,0877;1,2058
"2020-08-14 00:00:00";1,0882;1,2085
"2020-08-17 00:00:00";1,0889;1,209
"2020-08-18 00:00:00";1,088;1,2081
"2020-08-19 00:00:00";1,0891;1,2093
"2020-08-20 00:00:00";1,0901;1,2112
"2020-08-21 00:00:00";1,0906;1,2125
"2020-08-23 00:00:00";1,0882;1,2125
"2020-08-24 00:00:00";1,0889;1,2125
"2020-08-25 00:00:00";1,0868;1,2136
"2020-08-26 00:00:00";1,0895;1,2178
"2020-08-27 00:00:00";1,0947;1,224
"2020-08-28 00:00:00";1,0934;1,2241
"2020-08-30 00:00:00";1,0903;1,2205
"2020-08-31 00:00:00";1,0899;1,2201
"2020-09-01 00:00:00";1,0875;1,2185
"2020-09-02 00:00:00";1,0871;1,2191
"2020-09-03 00:00:00";1,0861;1,2189
"2020-09-04 00:00:00";1,085;1,2178
"2020-09-05 00:00:00";1,0787;1,2155
"2020-09-06 00:00:00";1,0773;1,2147
"2020-09-08 00:00:00";1,0742;1,2132
"2020-09-09 00:00:00";1,0715;1,2127
"2020-09-10 00:00:00";1,0693;1,211
"2020-09-11 00:00:00";1,0639;1,208
"2020-09-12 00:00:00";1,0642;1,2061
"2020-09-13 00:00:00";1,0641;1,2068
"2020-09-14 00:00:00";1,0641;1,2068
"2020-09-15 00:00:00";1,0595;1,2039
"2020-09-16 00:00:00";1,0573;1,2018
"2020-09-17 00:00:00";1,0572;1,1997
"2020-09-18 00:00:00";1,0569;1,2066
"2020-09-19 00:00:00";1,0593;1,2114
"2020-09-20 00:00:00";1,0601;1,2127
"2020-09-21 00:00:00";1,0607;1,2133
"2020-09-22 00:00:00";1,0586;1,213
"2020-09-23 00:00:00";1,0586;1,2138
"2020-09-24 00:00:00";1,054;1,2092
"2020-09-25 00:00:00";1,0541;1,2103
"2020-09-26 00:00:00";1,0548;1,2121
"2020-09-27 00:00:00";1,0544;1,212
"2020-09-28 00:00:00";1,0544;1,212
"2020-09-29 00:00:00";1,0536;1,2107
"2020-09-30 00:00:00";1,055;1,2123
"2020-10-01 00:00:00";1,0587;1,2122
"2020-10-02 00:00:00";1,0585;1,2115
"2020-10-03 00:00:00";1,0595;1,212
"2020-10-04 00:00:00";1,0566;1,2078
"2020-10-05 00:00:00";1,0578;1,209
"2020-10-06 00:00:00";1,0567;1,2068
"2020-10-07 00:00:00";1,0579;1,2087
"2020-10-08 00:00:00";1,0615;1,2105
"2020-10-09 00:00:00";1,0629;1,2102
"2020-10-10 00:00:00";1,0647;1,2113
"2020-10-11 00:00:00";1,0646;1,2117
"2020-10-12 00:00:00";1,0646;1,2117
"2020-10-13 00:00:00";1,0631;1,2104
"2020-10-14 00:00:00";1,0635;1,2093
"2020-10-15 00:00:00";1,0621;1,2063
"2020-10-16 00:00:00";1,0627;1,2093
"2020-10-17 00:00:00";1,0643;1,2097
"2020-10-18 00:00:00";1,0644;1,2104
"2020-10-19 00:00:00";1,0644;1,2104
"2020-10-20 00:00:00";1,0641;1,2095
"2020-10-21 00:00:00";1,061;1,206
"2020-10-22 00:00:00";1,0613;1,2055
"2020-10-23 00:00:00";1,0576;1,2042
"2020-10-24 00:00:00";1,058;1,2046
"2020-10-25 00:00:00";1,0594;1,2059
"2020-10-26 00:00:00";1,0587;1,2052
"2020-10-27 00:00:00";1,0558;1,2019
"2020-10-28 00:00:00";1,0532;1,2002
"2020-10-29 00:00:00";1,0534;1,1995
"2020-10-30 00:00:00";1,0501;1,1966
"2020-10-31 00:00:00";1,046;1,1931
"2020-11-01 00:00:00";1,0465;1,1925
"2020-11-02 00:00:00";1,0465;1,1928
"2020-11-03 00:00:00";1,0437;1,1902
"2020-11-04 00:00:00";1,0443;1,1904
"2020-11-05 00:00:00";1,0478;1,1937
"2020-11-06 00:00:00";1,0505;1,1953
"2020-11-07 00:00:00";1,053;1,1977
"2020-11-08 00:00:00";1,053;1,1976
"2020-11-09 00:00:00";1,0529;1,1976
"2020-11-10 00:00:00";1,0522;1,1964
"2020-11-11 00:00:00";1,0575;1,2009
"2020-11-12 00:00:00";1,0626;1,2048
"2020-11-13 00:00:00";1,0674;1,2096
"2020-11-14 00:00:00";1,0704;1,2092
"2020-11-15 00:00:00";1,0714;1,2087
"2020-11-16 00:00:00";1,0714;1,2087
"2020-11-17 00:00:00";1,0688;1,2063
"2020-11-18 00:00:00";1,0725;1,2082
"2020-11-19 00:00:00";1,0738;1,2092
"2020-11-20 00:00:00";1,0773;1,2118
"2020-11-21 00:00:00";1,0793;1,2122
"2020-11-22 00:00:00";1,0791;1,2126
"2020-11-23 00:00:00";1,0791;1,2126
"2020-11-24 00:00:00";1,0791;1,213
"2020-11-25 00:00:00";1,0826;1,2172
"2020-11-26 00:00:00";1,0885;1,2231
"2020-11-27 00:00:00";1,09;1,2247
"2020-11-28 00:00:00";1,0929;1,2274
"2020-11-29 00:00:00";1,0913;1,2255
"2020-11-30 00:00:00";1,0928;1,2267
"2020-12-01 00:00:00";1,0957;1,2278
"2020-12-02 00:00:00";1,0962;1,2261
"2020-12-03 00:00:00";1,0962;1,2271
"2020-12-04 00:00:00";1,0969;1,2279
"2020-12-05 00:00:00";1,0965;1,2295
"2020-12-06 00:00:00";1,0978;1,2303
"2020-12-07 00:00:00";1,0978;1,2303
"2020-12-08 00:00:00";1,098;1,231
"2020-12-09 00:00:00";1,1018;1,233
"2020-12-10 00:00:00";1,1035;1,2336
"2020-12-11 00:00:00";1,1075;1,237
"2020-12-12 00:00:00";1,1145;1,243
"2020-12-13 00:00:00";1,1141;1,2432
"2020-12-14 00:00:00";1,1141;1,2432
"2020-12-15 00:00:00";1,1152;1,2434
"2020-12-16 00:00:00";1,1168;1,2443
"2020-12-17 00:00:00";1,1203;1,2476
"2020-12-18 00:00:00";1,1226;1,2483
"2020-12-19 00:00:00";1,1251;1,2497
"2020-12-20 00:00:00";1,1261;1,2505
"2020-12-21 00:00:00";1,1262;1,2511
"2020-12-22 00:00:00";1,1278;1,253
"2020-12-23 00:00:00";1,1261;1,251
"2020-12-24 00:00:00";1,1262;1,2509
"2020-12-25 00:00:00";1,1291;1,2536
"2020-12-26 00:00:00";1,1284;1,2532
"2020-12-27 00:00:00";1,1294;1,2537
"2020-12-28 00:00:00";1,1294;1,2537
"2020-12-29 00:00:00";1,1286;1,2525
"2020-12-30 00:00:00";1,1295;1,2529
"2021-01-02 00:00:00";1,1278;1,2503
"2021-01-03 00:00:00";1,1288;1,2511
"2021-01-04 00:00:00";1,1297;1,2513
"2021-01-05 00:00:00";1,1274;1,2507
"2021-01-06 00:00:00";1,1286;1,2532
"2021-01-07 00:00:00";1,1305;1,2547
"2021-01-08 00:00:00";1,134;1,2593
"2021-01-09 00:00:00";1,1364;1,2622
"2021-01-10 00:00:00";1,1364;1,2623
"2021-01-11 00:00:00";1,1364;1,2623
"2021-01-12 00:00:00";1,1385;1,2681
"2021-01-13 00:00:00";1,1407;1,2714
"2021-01-14 00:00:00";1,1451;1,2775
"2021-01-15 00:00:00";1,1478;1,2799
"2021-01-16 00:00:00";1,1478;1,2819
"2021-01-17 00:00:00";1,148;1,2819
"2021-01-18 00:00:00";1,1483;1,2824
"2021-01-19 00:00:00";1,1483;1,2825
"2021-01-20 00:00:00";1,1504;1,285
"2021-01-21 00:00:00";1,1516;1,2869
"2021-01-22 00:00:00";1,1525;1,2879
"2021-01-23 00:00:00";1,1528;1,2876
"2021-01-24 00:00:00";1,1535;1,2881
"2021-01-25 00:00:00";1,1535;1,2881
"2021-01-26 00:00:00";1,1502;1,2859
"2021-01-27 00:00:00";1,1477;1,2845
"2021-01-28 00:00:00";1,1483;1,2864
"2021-01-29 00:00:00";1,1517;1,2854
"2021-01-30 00:00:00";1,153;1,2834
"2021-01-31 00:00:00";1,1537;1,2839
"2021-02-01 00:00:00";1,1536;1,2837
"2021-02-02 00:00:00";1,1546;1,2856
"2021-02-03 00:00:00";1,1587;1,288
"2021-02-04 00:00:00";1,1651;1,2941
"2021-02-05 00:00:00";1,1684;1,2969
"2021-02-06 00:00:00";1,1717;1,3009
"2021-02-07 00:00:00";1,1718;1,3012
"2021-02-08 00:00:00";1,1725;1,3012
"2021-02-09 00:00:00";1,1748;1,3037
"2021-02-10 00:00:00";1,1806;1,3096
"2021-02-11 00:00:00";1,1813;1,3112
"2021-02-12 00:00:00";1,1831;1,3116
"2021-02-13 00:00:00";1,1853;1,3128
"2021-02-14 00:00:00";1,1865;1,3128
"2021-02-15 00:00:00";1,1865;1,3128
"2021-02-16 00:00:00";1,1879;1,315
"2021-02-17 00:00:00";1,1934;1,3205
"2021-02-18 00:00:00";1,1973;1,3236
"2021-02-19 00:00:00";1,2023;1,3272
"2021-02-20 00:00:00";1,2057;1,3294
"2021-02-21 00:00:00";1,2068;1,3297
"2021-02-22 00:00:00";1,2068;1,3297
"2021-02-23 00:00:00";1,2075;1,3309
"2021-02-24 00:00:00";1,2077;1,3326
"2021-02-25 00:00:00";1,2091;1,3355
"2021-02-26 00:00:00";1,2133;1,3407
"2021-02-27 00:00:00";1,215;1,3426
"2021-02-28 00:00:00";1,2156;1,3436
"2021-03-01 00:00:00";1,2156;1,3436
"2021-03-02 00:00:00";1,2139;1,3456
"2021-03-03 00:00:00";1,2133;1,3467
"2021-03-04 00:00:00";1,2117;1,3484
"2021-03-05 00:00:00";1,2103;1,3493
"2021-03-06 00:00:00";1,2163;1,3542
"2021-03-07 00:00:00";1,2171;1,3557
"2021-03-08 00:00:00";1,2175;1,3556
"2021-03-09 00:00:00";1,2219;1,3607
"2021-03-10 00:00:00";1,2271;1,3653
"2021-03-11 00:00:00";1,2286;1,3671
"2021-03-12 00:00:00";1,2295;1,3681
"2021-03-13 00:00:00";1,2328;1,3737
"2021-03-14 00:00:00";1,2336;1,376
"2021-03-15 00:00:00";1,2336;1,376
"2021-03-16 00:00:00";1,2375;1,3775
"2021-03-17 00:00:00";1,2395;1,3801
"2021-03-18 00:00:00";1,2388;1,3788
"2021-03-19 00:00:00";1,2341;1,3771
"2021-03-20 00:00:00";1,2351;1,3758
"2021-03-21 00:00:00";1,2299;1,3751
"2021-03-22 00:00:00";1,2307;1,3784
"2021-03-23 00:00:00";1,2271;1,3746
"2021-03-24 00:00:00";1,2276;1,3738
"2021-03-25 00:00:00";1,2226;1,3746
"2021-03-26 00:00:00";1,2225;1,3776
"2021-03-27 00:00:00";1,2217;1,3784
"2021-03-28 00:00:00";1,2213;1,3777
"2021-03-29 00:00:00";1,2213;1,3777
"2021-03-30 00:00:00";1,221;1,3779
"2021-03-31 00:00:00";1,2213;1,3787
"2021-04-01 00:00:00";1,2206;1,3766
"2021-04-02 00:00:00";1,2216;1,3756
"2021-04-03 00:00:00";1,221;1,3772
"2021-04-04 00:00:00";1,221;1,3762
"2021-04-05 00:00:00";1,221;1,3762
"2021-04-06 00:00:00";1,2212;1,3758
"2021-04-07 00:00:00";1,2225;1,3772
"2021-04-08 00:00:00";1,2211;1,3765
"2021-04-09 00:00:00";1,2173;1,371
"2021-04-10 00:00:00";1,2146;1,3713
"2021-04-11 00:00:00";1,2142;1,3711
"2021-04-12 00:00:00";1,2147;1,3703
"2021-04-13 00:00:00";1,2131;1,369
"2021-04-14 00:00:00";1,216;1,3724
"2021-04-15 00:00:00";1,2168;1,372
"2021-04-16 00:00:00";1,2222;1,3768
"2021-04-17 00:00:00";1,2258;1,3807
"2021-04-18 00:00:00";1,2267;1,3818
"2021-04-19 00:00:00";1,227;1,3821
"2021-04-20 00:00:00";1,2281;1,3825
"2021-04-21 00:00:00";1,2288;1,3831
"2021-04-22 00:00:00";1,2289;1,3877
"2021-04-23 00:00:00";1,2284;1,3816
"2021-04-24 00:00:00";1,2282;1,3806
"2021-04-25 00:00:00";1,2282;1,3801
"2021-04-26 00:00:00";1,228;1,3808
"2021-04-27 00:00:00";1,2249;1,3786
"2021-04-28 00:00:00";1,2242;1,3772
"2021-04-29 00:00:00";1,221;1,3763
"2021-04-30 00:00:00";1,226;1,381
"2021-05-01 00:00:00";1,231;1,3839
"2021-05-02 00:00:00";1,2323;1,383
"2021-05-03 00:00:00";1,2311;1,3839
"2021-05-04 00:00:00";1,2329;1,385
"2021-05-05 00:00:00";1,2331;1,385
"2021-05-06 00:00:00";1,24;1,3921
"2021-05-07 00:00:00";1,2457;1,398
"2021-05-08 00:00:00";1,2474;1,3994
"2021-05-09 00:00:00";1,2466;1,3992
"2021-05-10 00:00:00";1,2477;1,4007
"2021-05-11 00:00:00";1,2449;1,3969
"2021-05-12 00:00:00";1,2442;1,3971
"2021-05-13 00:00:00";1,2441;1,3967
"2021-05-14 00:00:00";1,2494;1,402
"2021-05-15 00:00:00";1,2506;1,4008
"2021-05-16 00:00:00";1,2477;1,3999
"2021-05-17 00:00:00";1,2491;1,4017
"2021-05-18 00:00:00";1,25;1,4014
"2021-05-19 00:00:00";1,2538;1,4019
"2021-05-20 00:00:00";1,2533;1,402
"2021-05-21 00:00:00";1,2499;1,3976
"2021-05-22 00:00:00";1,2493;1,397
"2021-05-23 00:00:00";1,2485;1,3958
"2021-05-24 00:00:00";1,2493;1,3972
"2021-05-25 00:00:00";1,2488;1,3964
"2021-05-26 00:00:00";1,2512;1,3998
"2021-05-27 00:00:00";1,2513;1,4022
"2021-05-28 00:00:00";1,2515;1,4017
"2021-05-29 00:00:00";1,2538;1,4053
"2021-05-30 00:00:00";1,2531;1,4041
"2021-05-31 00:00:00";1,2534;1,4058
"2021-06-01 00:00:00";1,2568;1,4082
"2021-06-02 00:00:00";1,259;1,4086
"2021-06-03 00:00:00";1,2583;1,412
"2021-06-04 00:00:00";1,2573;1,4114
"2021-06-05 00:00:00";1,2603;1,414
"2021-06-06 00:00:00";1,2582;1,4122
"2021-06-07 00:00:00";1,258;1,413
"2021-06-08 00:00:00";1,2612;1,4155
"2021-06-09 00:00:00";1,265;1,4178
"2021-06-10 00:00:00";1,2638;1,4192
"2021-06-11 00:00:00";1,2646;1,4221
"2021-06-12 00:00:00";1,2663;1,4229
"2021-06-13 00:00:00";1,2664;1,4235
"2021-06-14 00:00:00";1,2669;1,4232
"2021-06-15 00:00:00";1,2671;1,4241
"2021-06-16 00:00:00";1,2683;1,426
"2021-06-17 00:00:00";1,2703;1,4273
"2021-06-18 00:00:00";1,2737;1,4309
"2021-06-19 00:00:00";1,2747;1,4309
"2021-06-20 00:00:00";1,2737;1,4304
"2021-06-21 00:00:00";1,275;1,432
"2021-06-22 00:00:00";1,2736;1,4315
"2021-06-23 00:00:00";1,278;1,434
"2021-06-24 00:00:00";1,2801;1,4345
"2021-06-25 00:00:00";1,2858;1,4379
"2021-06-26 00:00:00";1,2854;1,4394
"2021-06-27 00:00:00";1,2853;1,4387
"2021-06-28 00:00:00";1,286;1,4397
"2021-06-29 00:00:00";1,2911;1,441
"2021-06-30 00:00:00";1,2908;1,4429
"2021-07-01 00:00:00";1,2868;1,4434
"2021-07-02 00:00:00";1,2852;1,4442
"2021-07-03 00:00:00";1,2884;1,4471
"2021-07-04 00:00:00";1,2882;1,4459
"2021-07-05 00:00:00";1,2888;1,4461
"2021-07-06 00:00:00";1,2956;1,4524
"2021-07-07 00:00:00";1,2963;1,4567
"2021-07-08 00:00:00";1,296;1,4564
"2021-07-09 00:00:00";1,2916;1,4561
"2021-07-10 00:00:00";1,2921;1,4545
"2021-07-11 00:00:00";1,2928;1,4546
"2021-07-12 00:00:00";1,2929;1,4544
"2021-07-13 00:00:00";1,2983;1,458
"2021-07-14 00:00:00";1,3006;1,4598
"2021-07-15 00:00:00";1,3013;1,4615
"2021-07-16 00:00:00";1,3037;1,4638
"2021-07-17 00:00:00";1,3021;1,4624
"2021-07-18 00:00:00";1,302;1,4634
"2021-07-19 00:00:00";1,3026;1,4637
"2021-07-20 00:00:00";1,3017;1,4647
"2021-07-21 00:00:00";1,2967;1,4615
"2021-07-22 00:00:00";1,2917;1,4583
"2021-07-23 00:00:00";1,2923;1,4593
"2021-07-24 00:00:00";1,2935;1,4591
"2021-07-25 00:00:00";1,2949;1,4597
"2021-07-26 00:00:00";1,2953;1,4611
"2021-07-27 00:00:00";1,2957;1,4623
"2021-07-28 00:00:00";1,2982;1,4642
"2021-07-29 00:00:00";1,3003;1,4671
"2021-07-30 00:00:00";1,3014;1,4674
"2021-07-31 00:00:00";1,3018;1,4692
"2021-08-01 00:00:00";1,3022;1,47
"2021-08-02 00:00:00";1,3028;1,4693
"2021-08-03 00:00:00";1,301;1,4692
"2021-08-04 00:00:00";1,2995;1,4694
"2021-08-05 00:00:00";1,2934;1,4679
"2021-08-06 00:00:00";1,292;1,4659
"2021-08-07 00:00:00";1,2924;1,4668
"2021-08-08 00:00:00";1,2927;1,4658
"2021-08-09 00:00:00";1,2937;1,4665
"2021-08-10 00:00:00";1,2925;1,4667
"2021-08-11 00:00:00";1,2901;1,4641
"2021-08-12 00:00:00";1,2902;1,4649
"2021-08-13 00:00:00";1,2898;1,465
"2021-08-14 00:00:00";1,29;1,467
"2021-08-15 00:00:00";1,2904;1,4667
"2021-08-16 00:00:00";1,2915;1,467
"2021-08-17 00:00:00";1,2876;1,4669
"2021-08-18 00:00:00";1,2853;1,4659
"2021-08-19 00:00:00";1,2844;1,4642
"2021-08-20 00:00:00";1,2826;1,4636
"2021-08-21 00:00:00";1,2775;1,4592
"2021-08-22 00:00:00";1,2752;1,4569
"2021-08-23 00:00:00";1,2752;1,4565
"2021-08-24 00:00:00";1,2728;1,4524
"2021-08-25 00:00:00";1,275;1,4555
"2021-08-26 00:00:00";1,2782;1,4577
"2021-08-27 00:00:00";1,2794;1,4585
"2021-08-28 00:00:00";1,281;1,4599
"2021-08-29 00:00:00";1,2827;1,4599
"2021-08-30 00:00:00";1,2827;1,4591
"2021-08-31 00:00:00";1,2832;1,459
"2021-09-01 00:00:00";1,2874;1,4638
"2021-09-02 00:00:00";1,2891;1,4635
"2021-09-03 00:00:00";1,291;1,465
"2021-09-04 00:00:00";1,2957;1,4701
"2021-09-05 00:00:00";1,2983;1,4699
"2021-09-06 00:00:00";1,2974;1,4701
"2021-09-07 00:00:00";1,2979;1,4714
"2021-09-08 00:00:00";1,301;1,4751
"2021-09-09 00:00:00";1,2994;1,4764
"2021-09-10 00:00:00";1,2997;1,4774
"2021-09-11 00:00:00";1,2996;1,4777
"2021-09-12 00:00:00";1,2992;1,4777
"2021-09-13 00:00:00";1,2996;1,4775
"2021-09-14 00:00:00";1,3005;1,4831
"2021-09-15 00:00:00";1,3049;1,4848
"2021-09-16 00:00:00";1,3062;1,4861
"2021-09-17 00:00:00";1,3101;1,4874
"2021-09-18 00:00:00";1,3145;1,4876
"2021-09-19 00:00:00";1,3143;1,4875
"2021-09-20 00:00:00";1,3144;1,488
"2021-09-21 00:00:00";1,3189;1,4895
"2021-09-22 00:00:00";1,3206;1,4886
"2021-09-23 00:00:00";1,32;1,4864
"2021-09-24 00:00:00";1,3222;1,4863
"2021-09-25 00:00:00";1,3269;1,4883
"2021-09-26 00:00:00";1,3276;1,49
"2021-09-27 00:00:00";1,3283;1,4892
"2021-09-28 00:00:00";1,3313;1,4914
"2021-09-29 00:00:00";1,341;1,4978
"2021-09-30 00:00:00";1,3431;1,5002
"2021-10-01 00:00:00";1,3422;1,5016
"2021-10-02 00:00:00";1,3479;1,507
"2021-10-03 00:00:00";1,3481;1,5052
"2021-10-04 00:00:00";1,3487;1,506
"2021-10-05 00:00:00";1,354;1,5089
"2021-10-06 00:00:00";1,3607;1,513
"2021-10-07 00:00:00";1,3716;1,5219
"2021-10-08 00:00:00";1,3755;1,5226
"2021-10-09 00:00:00";1,3788;1,5223
"2021-10-10 00:00:00";1,3797;1,5212
"2021-10-11 00:00:00";1,38;1,5219
"2021-10-12 00:00:00";1,3853;1,5286
"2021-10-13 00:00:00";1,3868;1,5276
"2021-10-14 00:00:00";1,3899;1,5289
"2021-10-15 00:00:00";1,3928;1,5307
"2021-10-16 00:00:00";1,3973;1,5348
"2021-10-17 00:00:00";1,3986;1,5361
"2021-10-18 00:00:00";1,3985;1,537
"2021-10-19 00:00:00";1,4058;1,5437
"2021-10-20 00:00:00";1,4102;1,5486
"2021-10-21 00:00:00";1,4108;1,5499
"2021-10-22 00:00:00";1,4129;1,5536
"2021-10-23 00:00:00";1,4128;1,5523
"2021-10-24 00:00:00";1,4113;1,5522
"2021-10-25 00:00:00";1,4112;1,5525
"2021-10-26 00:00:00";1,4128;1,5527
"2021-10-27 00:00:00";1,417;1,5573
"2021-10-28 00:00:00";1,4202;1,5604
"2021-10-29 00:00:00";1,4194;1,5595
"2021-10-30 00:00:00";1,4189;1,5597
"2021-10-31 00:00:00";1,4186;1,5601
"2021-11-01 00:00:00";1,4191;1,5603
"2021-11-02 00:00:00";1,4198;1,5599
"2021-11-03 00:00:00";1,4221;1,5663
"2021-11-04 00:00:00";1,4236;1,5639
"2021-11-05 00:00:00";1,4216;1,5643
"2021-11-06 00:00:00";1,4182;1,5638
"2021-11-07 00:00:00";1,4181;1,5646
"2021-11-08 00:00:00";1,4184;1,5651
"2021-11-09 00:00:00";1,4199;1,5633
"2021-11-10 00:00:00";1,4205;1,5647
"2021-11-11 00:00:00";1,4199;1,5655
"2021-11-12 00:00:00";1,4202;1,5673
"2021-11-13 00:00:00";1,4192;1,5668
"2021-11-14 00:00:00";1,4186;1,5647
"2021-11-15 00:00:00";1,4184;1,5646
"2021-11-16 00:00:00";1,4165;1,564
"2021-11-17 00:00:00";1,4131;1,563
"2021-11-18 00:00:00";1,4135;1,5639
"2021-11-19 00:00:00";1,4142;1,5662
"2021-11-20 00:00:00";1,4124;1,564
"2021-11-21 00:00:00";1,4125;1,5623
"2021-11-22 00:00:00";1,4105;1,5624
"2021-11-23 00:00:00";1,4045;1,5596
"2021-11-24 00:00:00";1,4028;1,5572
"2021-11-25 00:00:00";1,405;1,5589
"2021-11-26 00:00:00";1,4084;1,5607
"2021-11-27 00:00:00";1,4076;1,5574
"2021-11-28 00:00:00";1,4052;1,5546
"2021-11-29 00:00:00";1,4048;1,554
"2021-11-30 00:00:00";1,3985;1,5463
"2021-12-01 00:00:00";1,3929;1,5428
"2021-12-02 00:00:00";1,3842;1,5342
"2021-12-03 00:00:00";1,3814;1,5289
"2021-12-04 00:00:00";1,3759;1,5231
"2021-12-05 00:00:00";1,3736;1,5204
"2021-12-06 00:00:00";1,3743;1,5207
"2021-12-07 00:00:00";1,373;1,5185
"2021-12-08 00:00:00";1,3715;1,5208
"2021-12-09 00:00:00";1,3724;1,5196
"2021-12-10 00:00:00";1,3737;1,5233
"2021-12-11 00:00:00";1,3753;1,5252
"2021-12-12 00:00:00";1,3759;1,5243
"2021-12-13 00:00:00";1,3755;1,523
"2021-12-14 00:00:00";1,3732;1,5227
"2021-12-15 00:00:00";1,3735;1,5221
"2021-12-16 00:00:00";1,3722;1,5226
"2021-12-17 00:00:00";1,37;1,5208
"2021-12-18 00:00:00";1,3726;1,5213
"2021-12-19 00:00:00";1,3737;1,5221
"2021-12-20 00:00:00";1,3734;1,5213
"2021-12-21 00:00:00";1,3702;1,5202
"2021-12-22 00:00:00";1,3652;1,5142
"2021-12-23 00:00:00";1,3648;1,5156
"2021-12-24 00:00:00";1,3667;1,5177
"2021-12-25 00:00:00";1,3699;1,5216
"2021-12-26 00:00:00";1,3695;1,5222
"2021-12-27 00:00:00";1,3704;1,5233
"2021-12-28 00:00:00";1,3701;1,5229
"2021-12-29 00:00:00";1,3703;1,5231
"2021-12-30 00:00:00";1,3725;1,5234
"2021-12-31 00:00:00";1,3779;1,5277
"2022-01-01 00:00:00";1,3812;1,5312
"2022-01-02 00:00:00";1,3813;1,5318
"2022-01-03 00:00:00";1,3824;1,5351
"2022-01-04 00:00:00";1,3859;1,5342
"2022-01-05 00:00:00";1,3852;1,5355
"2022-01-06 00:00:00";1,3904;1,5392
"2022-01-07 00:00:00";1,3921;1,539
"2022-01-08 00:00:00";1,3974;1,5433
"2022-01-09 00:00:00";1,3992;1,5444
"2022-01-10 00:00:00";1,3987;1,5436
"2022-01-11 00:00:00";1,4047;1,5448
"2022-01-12 00:00:00";1,408;1,5465
"2022-01-13 00:00:00";1,4134;1,5519
"2022-01-14 00:00:00";1,4158;1,5525
"2022-01-15 00:00:00";1,4187;1,5533
"2022-01-16 00:00:00";1,4196;1,5563
"2022-01-17 00:00:00";1,4203;1,5546
"2022-01-18 00:00:00";1,4266;1,5609
"2022-01-19 00:00:00";1,4299;1,5651
"2022-01-20 00:00:00";1,4337;1,5694
"2022-01-21 00:00:00";1,4426;1,5792
"2022-01-22 00:00:00";1,4445;1,5798
"2022-01-23 00:00:00";1,4444;1,5796
"2022-01-24 00:00:00";1,4464;1,5806
"2022-01-25 00:00:00";1,4501;1,5838
"2022-01-26 00:00:00";1,4514;1,584
"2022-01-27 00:00:00";1,4532;1,5881
"2022-01-28 00:00:00";1,4591;1,5975
"2022-01-29 00:00:00";1,4643;1,6013
"2022-01-30 00:00:00";1,4656;1,6007
"2022-01-31 00:00:00";1,4668;1,601
"2022-02-01 00:00:00";1,4753;1,6061
"2022-02-02 00:00:00";1,4828;1,6088
"2022-02-03 00:00:00";1,4827;1,6106
"2022-02-04 00:00:00";1,4851;1,6116
"2022-02-05 00:00:00";1,4915;1,6177
"2022-02-06 00:00:00";1,4919;1,6191
"2022-02-07 00:00:00";1,4916;1,6192
"2022-02-08 00:00:00";1,5001;1,6262
"2022-02-09 00:00:00";1,5016;1,6319
"2022-02-10 00:00:00";1,4989;1,6261
"2022-02-11 00:00:00";1,5013;1,6293
"2022-02-12 00:00:00";1,5061;1,6326
"2022-02-13 00:00:00";1,5066;1,6334
"2022-02-14 00:00:00";1,5071;1,6338
"2022-02-15 00:00:00";1,5135;1,6405
"2022-02-16 00:00:00";1,5202;1,6457
"2022-02-17 00:00:00";1,5231;1,6468
"2022-02-18 00:00:00";1,5238;1,6474
"2022-02-19 00:00:00";1,5216;1,6464
"2022-02-20 00:00:00";1,5219;1,6461
"2022-02-21 00:00:00";1,5218;1,6471
"2022-02-22 00:00:00";1,5214;1,6454
"2022-02-23 00:00:00";1,5252;1,6492
"2022-02-24 00:00:00";1,5315;1,6554
"2022-02-25 00:00:00";1,5387;1,6616
"2022-02-26 00:00:00";1,5471;1,6687
"2022-02-27 00:00:00";1,5455;1,6682
"2022-02-28 00:00:00";1,5454;1,6689
"2022-03-01 00:00:00";1,5546;1,6758
"2022-03-02 00:00:00";1,5642;1,6862
"2022-03-03 00:00:00";1,5852;1,7045
"2022-03-04 00:00:00";1,6186;1,7239
"2022-03-05 00:00:00";1,6487;1,7436
"2022-03-06 00:00:00";1,6701;1,7638
"2022-03-07 00:00:00";1,6808;1,7684
"2022-03-08 00:00:00";1,7346;1,8078
"2022-03-09 00:00:00";1,797;1,8548
"2022-03-10 00:00:00";1,863;1,8898
"2022-03-11 00:00:00";1,8893;1,908
"2022-03-12 00:00:00";1,8873;1,9114
"2022-03-13 00:00:00";1,8864;1,9093
"2022-03-14 00:00:00";1,8888;1,9103
"2022-03-15 00:00:00";1,8777;1,9039
"2022-03-16 00:00:00";1,8607;1,8897
"2022-03-17 00:00:00";1,8324;1,8632
"2022-03-18 00:00:00";1,813;1,8466
"2022-03-19 00:00:00";1,8178;1,8426
"2022-03-20 00:00:00";1,8233;1,8407
"2022-03-21 00:00:00";1,8248;1,8409
"2022-03-22 00:00:00";1,8297;1,8377
"2022-03-23 00:00:00";1,8487;1,8483
"2022-03-24 00:00:00";1,8645;1,8518
"2022-03-25 00:00:00";1,8856;1,8657
"2022-03-26 00:00:00";1,9043;1,8761
"2022-03-27 00:00:00";1,9084;1,8798
"2022-03-28 00:00:00";1,9121;1,881
"2022-03-29 00:00:00";1,9165;1,8826
"2022-03-30 00:00:00";1,9114;1,867
"2022-03-31 00:00:00";1,902;1,8524
"2022-04-01 00:00:00";1,8909;1,8478
"2022-04-02 00:00:00";1,8742;1,8455
"2022-04-03 00:00:00";1,8701;1,8452
"2022-04-04 00:00:00";1,8704;1,8452
"2022-04-05 00:00:00";1,8648;1,8398
"2022-04-06 00:00:00";1,8687;1,8417
"2022-04-07 00:00:00";1,8645;1,8401
"2022-04-08 00:00:00";1,8577;1,839
"2022-04-09 00:00:00";1,8407;1,8317
"2022-04-10 00:00:00";1,8361;1,8289
"2022-04-11 00:00:00";1,8346;1,8289
"2022-04-12 00:00:00";1,8301;1,8269
"2022-04-13 00:00:00";1,8245;1,8224
"2022-04-14 00:00:00";1,8312;1,8273
"2022-04-15 00:00:00";1,8411;1,8367
"2022-04-16 00:00:00";1,8522;1,8444
"2022-04-17 00:00:00";1,8554;1,8459
"2022-04-18 00:00:00";1,8592;1,8485
"2022-04-19 00:00:00";1,8663;1,849
"2022-04-20 00:00:00";1,8805;1,8542
"2022-04-21 00:00:00";1,8902;1,8601
"2022-04-22 00:00:00";1,8957;1,8625
"2022-04-23 00:00:00";1,903;1,87
"2022-04-24 00:00:00";1,9037;1,8699
"2022-04-25 00:00:00";1,9052;1,8709
"2022-04-26 00:00:00";1,9058;1,8741
"2022-04-27 00:00:00";1,8999;1,8705
"2022-04-28 00:00:00";1,9053;1,8757
"2022-04-29 00:00:00";1,9176;1,8872
"2022-04-30 00:00:00";1,9327;1,8994
"2022-05-01 00:00:00";1,9363;1,9015
"2022-05-02 00:00:00";1,9382;1,9027
"2022-05-03 00:00:00";1,944;1,9108
"2022-05-04 00:00:00";1,9524;1,9192
"2022-05-05 00:00:00";1,9584;1,9223
"2022-05-06 00:00:00";1,9587;1,927
"2022-05-07 00:00:00";1,9562;1,9334
"2022-05-08 00:00:00";1,954;1,937
"2022-05-09 00:00:00";1,9513;1,9394
"2022-05-10 00:00:00";1,9492;1,9442
"2022-05-11 00:00:00";1,9392;1,9441
"2022-05-12 00:00:00";1,927;1,9412
"2022-05-13 00:00:00";1,925;1,9426
"2022-05-14 00:00:00";1,9255;1,9494
"2022-05-15 00:00:00";1,9286;1,9583
"2022-05-16 00:00:00";1,9291;1,9607
"2022-05-17 00:00:00";1,9263;1,9694
"2022-05-18 00:00:00";1,9257;1,9771
"2022-05-19 00:00:00";1,9215;1,9876
"2022-05-20 00:00:00";1,9119;1,9954
"2022-05-21 00:00:00";1,9026;1,9975
"2022-05-22 00:00:00";1,9004;1,9979
"2022-05-23 00:00:00";1,8981;1,9983
"2022-05-24 00:00:00";1,8915;2,0004
"2022-05-25 00:00:00";1,8877;2,0012
"2022-05-26 00:00:00";1,8833;2,0004
"2022-05-27 00:00:00";1,8862;2,0099
"2022-05-28 00:00:00";1,8967;2,023
"2022-05-29 00:00:00";1,9049;2,0286
"2022-05-30 00:00:00";1,9068;2,0321
"2022-05-31 00:00:00";1,9135;2,041
"2022-06-01 00:00:00";1,9211;2,0525
"2022-06-02 00:00:00";1,9372;2,0723
"2022-06-03 00:00:00";1,9546;2,0905
"2022-06-04 00:00:00";1,9726;2,1082
"2022-06-05 00:00:00";1,9749;2,1096
"2022-06-06 00:00:00";1,9795;2,1148
"2022-06-07 00:00:00";1,9862;2,1188
"2022-06-08 00:00:00";2,014;2,1365
"2022-06-09 00:00:00";2,027;2,1432
"2022-06-10 00:00:00";2,0367;2,1478
"2022-06-11 00:00:00";2,0535;2,1621
"2022-06-12 00:00:00";2,0586;2,1644
"2022-06-13 00:00:00";2,0608;2,1655
"2022-06-14 00:00:00";2,0722;2,1698
"2022-06-15 00:00:00";2,0817;2,1712
"2022-06-16 00:00:00";2,095;2,1779
"2022-06-17 00:00:00";2,1127;2,1746
"2022-06-18 00:00:00";2,1214;2,1788
"2022-06-19 00:00:00";2,1214;2,1721
"2022-06-20 00:00:00";2,1225;2,1704
"2022-06-21 00:00:00";2,1266;2,1669
"2022-06-22 00:00:00";2,1322;2,1646
"2022-06-23 00:00:00";2,1366;2,1655
"2022-06-24 00:00:00";2,1348;2,1626
"2022-06-25 00:00:00";2,1337;2,161
"2022-06-26 00:00:00";2,1353;2,1626
"2022-06-27 00:00:00";2,1354;2,163
"2022-06-28 00:00:00";2,1328;2,1643
"2022-06-29 00:00:00";2,1271;2,1634
"2022-06-30 00:00:00";2,1166;2,1636
"2022-07-01 00:00:00";2,1061;2,159
"2022-07-02 00:00:00";2,0946;2,1519
"2022-07-03 00:00:00";2,0908;2,1496
"2022-07-04 00:00:00";2,0905;2,1497
"2022-07-05 00:00:00";2,0858;2,1466
"2022-07-06 00:00:00";2,0828;2,1471
"2022-07-07 00:00:00";2,0695;2,1317
"2022-07-08 00:00:00";2,0475;2,1142
"2022-07-09 00:00:00";2,0342;2,1072
"2022-07-10 00:00:00";2,0295;2,1072
"2022-07-11 00:00:00";2,0273;2,1086
"2022-07-12 00:00:00";2,0147;2,1011
"2022-07-13 00:00:00";2,0123;2,0998
"2022-07-14 00:00:00";2,004;2,0908
"2022-07-15 00:00:00";2,0017;2,0791
"2022-07-16 00:00:00";1,9992;2,0639
"2022-07-17 00:00:00";1,9972;2,0564
"2022-07-18 00:00:00";1,9981;2,0543
"2022-07-19 00:00:00";1,9932;2,0415
"2022-07-20 00:00:00";1,9889;2,029
"2022-07-21 00:00:00";1,9799;2,0171
"2022-07-22 00:00:00";1,9686;2,0003
"2022-07-23 00:00:00";1,9528;1,9824
"2022-07-24 00:00:00";1,9515;1,9801
"2022-07-25 00:00:00";1,9507;1,9794
"2022-07-26 00:00:00";1,9404;1,9667
"2022-07-27 00:00:00";1,9297;1,9555
"2022-07-28 00:00:00";1,9244;1,9502
"2022-07-29 00:00:00";1,9223;1,946
"2022-07-30 00:00:00";1,9216;1,9433
"2022-07-31 00:00:00";1,9212;1,9436
"2022-08-01 00:00:00";1,9217;1,9454
"2022-08-02 00:00:00";1,919;1,9427
"2022-08-03 00:00:00";1,9037;1,9312
"2022-08-04 00:00:00";1,895;1,9258
"2022-08-05 00:00:00";1,8863;1,9144
"2022-08-06 00:00:00";1,8866;1,9139
"2022-08-07 00:00:00";1,8866;1,9139
"2022-08-08 00:00:00";1,8866;1,9139
"2022-08-09 00:00:00";1,8585;1,8662
"2022-08-10 00:00:00";1,8422;1,8492
"2022-08-11 00:00:00";1,8354;1,8441
"2022-08-12 00:00:00";1,8313;1,8407
"2022-08-13 00:00:00";1,8314;1,8392
"2022-08-14 00:00:00";1,8355;1,8396
"2022-08-15 00:00:00";1,834;1,8361
"2022-08-16 00:00:00";1,8314;1,8337
"2022-08-17 00:00:00";1,8268;1,8302
"2022-08-18 00:00:00";1,8298;1,8261
"2022-08-19 00:00:00";1,8369;1,824
"2022-08-20 00:00:00";1,8492;1,8268
"2022-08-21 00:00:00";1,8566;1,8297
"2022-08-22 00:00:00";1,8587;1,8314
"2022-08-23 00:00:00";1,8638;1,8336
"2022-08-24 00:00:00";1,8796;1,8348
"2022-08-25 00:00:00";1,8925;1,838
"2022-08-26 00:00:00";1,9118;1,8402
"2022-08-27 00:00:00";1,9253;1,8413
"2022-08-28 00:00:00";1,9317;1,8367
"2022-08-29 00:00:00";1,9343;1,8363
"2022-08-30 00:00:00";1,9454;1,8331
"2022-08-31 00:00:00";1,9534;1,8322
"2022-09-01 00:00:00";1,9531;1,8308
"2022-09-02 00:00:00";1,9505;1,8257
"2022-09-03 00:00:00";1,9429;1,8134
"2022-09-04 00:00:00";1,9396;1,8104
"2022-09-05 00:00:00";1,9387;1,81
"2022-09-06 00:00:00";1,9415;1,8062
"2022-09-07 00:00:00";1,943;1,8079
"2022-09-08 00:00:00";1,939;1,804
"2022-09-09 00:00:00";1,9352;1,7951
"2022-09-10 00:00:00";1,9262;1,782
"2022-09-11 00:00:00";1,9236;1,7788
"2022-09-12 00:00:00";1,9226;1,7786
"2022-09-13 00:00:00";1,9146;1,7742
"2022-09-14 00:00:00";1,9101;1,7722
"2022-09-15 00:00:00";1,906;1,7685
"2022-09-16 00:00:00";1,8899;1,7603
"2022-09-17 00:00:00";1,8797;1,7563
"2022-09-18 00:00:00";1,8722;1,7515
"2022-09-19 00:00:00";1,871;1,7496
"2022-09-20 00:00:00";1,8525;1,74
"2022-09-21 00:00:00";1,8465;1,7367
"2022-09-22 00:00:00";1,8454;1,7338
"2022-09-23 00:00:00";1,8421;1,7325
"2022-09-24 00:00:00";1,8428;1,7305
"2022-09-25 00:00:00";1,8406;1,728
"2022-09-26 00:00:00";1,8391;1,7255
"2022-09-27 00:00:00";1,8342;1,7233
"2022-09-28 00:00:00";1,8265;1,7195
"2022-09-29 00:00:00";1,8273;1,721
"2022-09-30 00:00:00";1,8329;1,729
"2022-10-01 00:00:00";1,837;1,7336
"2022-10-02 00:00:00";1,8362;1,7334
"2022-10-03 00:00:00";1,8353;1,7326
"2022-10-04 00:00:00";1,8335;1,7343
"2022-10-05 00:00:00";1,8386;1,7404
"2022-10-06 00:00:00";1,8496;1,7497
"2022-10-07 00:00:00";1,8729;1,7643
"2022-10-08 00:00:00";1,8969;1,7718
"2022-10-09 00:00:00";1,9193;1,7792
"2022-10-10 00:00:00";1,9262;1,7842
"2022-10-11 00:00:00";1,9471;1,7922
"2022-10-12 00:00:00";1,9607;1,7972
"2022-10-13 00:00:00";1,9616;1,8004
"2022-10-14 00:00:00";1,9673;1,8015
"2022-10-15 00:00:00";1,9784;1,8093
"2022-10-16 00:00:00";1,9807;1,8101
"2022-10-17 00:00:00";1,9817;1,8095
"2022-10-18 00:00:00";1,987;1,8081
"2022-10-19 00:00:00";1,9925;1,8075
"2022-10-20 00:00:00";1,9943;1,8024
"2022-10-21 00:00:00";1,9929;1,8009
"2022-10-22 00:00:00";1,9937;1,8047
"2022-10-23 00:00:00";1,9917;1,8034
"2022-10-24 00:00:00";1,9927;1,8026
"2022-10-25 00:00:00";1,9881;1,799
"2022-10-26 00:00:00";1,989;1,7978
"2022-10-27 00:00:00";1,9923;1,7962
"2022-10-28 00:00:00";1,9905;1,7964
"2022-10-29 00:00:00";1,9919;1,7983
"2022-10-30 00:00:00";1,9921;1,797
"2022-10-31 00:00:00";1,9932;1,7981
"2022-11-01 00:00:00";1,9902;1,7986
"2022-11-02 00:00:00";1,9891;1,799
"2022-11-03 00:00:00";1,9827;1,8038
"2022-11-04 00:00:00";1,9774;1,8103
"2022-11-05 00:00:00";1,9798;1,8208
"2022-11-06 00:00:00";1,9782;1,8232
"2022-11-07 00:00:00";1,9775;1,8236
"2022-11-08 00:00:00";1,9756;1,8292
"2022-11-09 00:00:00";1,9701;1,8314
"2022-11-10 00:00:00";1,9645;1,832
"2022-11-11 00:00:00";1,9549;1,8274
"2022-11-12 00:00:00";1,9444;1,8278
"2022-11-13 00:00:00";1,9343;1,8265
"2022-11-14 00:00:00";1,9309;1,8273
"2022-11-15 00:00:00";1,9145;1,8241
"2022-11-16 00:00:00";1,9068;1,8212
"2022-11-17 00:00:00";1,9012;1,8152
"2022-11-18 00:00:00";1,8932;1,8091
"2022-11-19 00:00:00";1,8804;1,8029
"2022-11-20 00:00:00";1,8732;1,7976
"2022-11-21 00:00:00";1,8748;1,7968
"2022-11-22 00:00:00";1,8599;1,7882
"2022-11-23 00:00:00";1,8475;1,7806
"2022-11-24 00:00:00";1,8417;1,775
"2022-11-25 00:00:00";1,8353;1,7716
"2022-11-26 00:00:00";1,8259;1,7657
"2022-11-27 00:00:00";1,8229;1,7623
"2022-11-28 00:00:00";1,8194;1,7604
"2022-11-29 00:00:00";1,8019;1,7479
"2022-11-30 00:00:00";1,7832;1,7358
"2022-12-01 00:00:00";1,7709;1,7286
"2022-12-02 00:00:00";1,7681;1,7256
"2022-12-03 00:00:00";1,7664;1,726
"2022-12-04 00:00:00";1,7628;1,72
"2022-12-05 00:00:00";1,7621;1,7176
"2022-12-06 00:00:00";1,7551;1,7096
"2022-12-07 00:00:00";1,7532;1,7052
"2022-12-08 00:00:00";1,7378;1,6911
"2022-12-09 00:00:00";1,7302;1,6812
"2022-12-10 00:00:00";1,7157;1,6636
"2022-12-11 00:00:00";1,7103;1,6561
"2022-12-12 00:00:00";1,7075;1,6537
"2022-12-13 00:00:00";1,6932;1,6394
"2022-12-14 00:00:00";1,6846;1,6308
"2022-12-15 00:00:00";1,681;1,6262
"2022-12-16 00:00:00";1,6782;1,6224
"2022-12-17 00:00:00";1,6742;1,6169
"2022-12-18 00:00:00";1,6719;1,6129
"2022-12-19 00:00:00";1,6705;1,6124
"2022-12-20 00:00:00";1,6611;1,6006
"2022-12-21 00:00:00";1,6577;1,5985
"2022-12-22 00:00:00";1,651;1,5973
"2022-12-23 00:00:00";1,654;1,5999
"2022-12-24 00:00:00";1,6572;1,6031
"2022-12-25 00:00:00";1,6608;1,6065
"2022-12-26 00:00:00";1,6609;1,6093
"2022-12-27 00:00:00";1,6608;1,6088
"2022-12-28 00:00:00";1,6647;1,6124
"2022-12-29 00:00:00";1,6714;1,6194
"2022-12-30 00:00:00";1,68;1,6271
"2022-12-31 00:00:00";1,6869;1,6355
"2023-01-01 00:00:00";1,6942;1,6426
"2023-01-02 00:00:00";1,6998;1,6476
"2023-01-03 00:00:00";1,7063;1,6584
"2023-01-04 00:00:00";1,7087;1,6657
"2023-01-05 00:00:00";1,71;1,6698
"2023-01-06 00:00:00";1,7076;1,6693
"2023-01-07 00:00:00";1,7052;1,6662
"2023-01-08 00:00:00";1,704;1,6668
"2023-01-09 00:00:00";1,7035;1,6672
"2023-01-10 00:00:00";1,7025;1,6674
"2023-01-11 00:00:00";1,704;1,6705
"2023-01-12 00:00:00";1,6991;1,6665
"2023-01-13 00:00:00";1,7003;1,67
"2023-01-14 00:00:00";1,7064;1,6789
"2023-01-15 00:00:00";1,7083;1,6818
"2023-01-16 00:00:00";1,7096;1,6829
"2023-01-17 00:00:00";1,7101;1,684
"2023-01-18 00:00:00";1,7111;1,6893
"2023-01-19 00:00:00";1,7121;1,6941
"2023-01-20 00:00:00";1,7126;1,6981
"2023-01-21 00:00:00";1,7139;1,6994
"2023-01-22 00:00:00";1,7162;1,701
"2023-01-23 00:00:00";1,7188;1,7035
"2023-01-24 00:00:00";1,7229;1,7108
"2023-01-25 00:00:00";1,7283;1,7175
"2023-01-26 00:00:00";1,7316;1,7245
"2023-01-27 00:00:00";1,729;1,7244
"2023-01-28 00:00:00";1,7285;1,7262
"2023-01-29 00:00:00";1,7274;1,7276
"2023-01-30 00:00:00";1,7247;1,7278
"2023-01-31 00:00:00";1,7202;1,7292
"2023-02-01 00:00:00";1,7136;1,7254
"2023-02-02 00:00:00";1,7083;1,7233
"2023-02-03 00:00:00";1,7011;1,718
"2023-02-04 00:00:00";1,6896;1,712
"2023-02-05 00:00:00";1,6829;1,7076
"2023-02-06 00:00:00";1,6793;1,7047
"2023-02-07 00:00:00";1,6709;1,7014
"2023-02-08 00:00:00";1,6539;1,6932
"2023-02-09 00:00:00";1,6484;1,6924
"2023-02-10 00:00:00";1,6459;1,692
"2023-02-11 00:00:00";1,6407;1,6904
"2023-02-12 00:00:00";1,6394;1,6944
"2023-02-13 00:00:00";1,6395;1,6964
"2023-02-14 00:00:00";1,6365;1,7003
"2023-02-15 00:00:00";1,6351;1,7029
"2023-02-16 00:00:00";1,6383;1,7044
"2023-02-17 00:00:00";1,6374;1,7027
"2023-02-18 00:00:00";1,6327;1,7034
"2023-02-19 00:00:00";1,6279;1,7031
"2023-02-20 00:00:00";1,6273;1,7033
"2023-02-21 00:00:00";1,6194;1,7037
"2023-02-22 00:00:00";1,6172;1,7073
"2023-02-23 00:00:00";1,6117;1,7083
"2023-02-24 00:00:00";1,6089;1,7057
"2023-02-25 00:00:00";1,6067;1,7052
"2023-02-26 00:00:00";1,6053;1,702
"2023-02-27 00:00:00";1,6046;1,7029
"2023-02-28 00:00:00";1,6017;1,7035
"2023-03-01 00:00:00";1,5995;1,705
"2023-03-02 00:00:00";1,6;1,7067
"2023-03-03 00:00:00";1,5997;1,7089
"2023-03-04 00:00:00";1,6033;1,7135
"2023-03-05 00:00:00";1,6057;1,7135
"2023-03-06 00:00:00";1,6062;1,7141
"2023-03-07 00:00:00";1,6113;1,7184
"2023-03-08 00:00:00";1,613;1,7217
"2023-03-09 00:00:00";1,6087;1,7207
"2023-03-10 00:00:00";1,6024;1,7209
"2023-03-11 00:00:00";1,5979;1,7212
"2023-03-12 00:00:00";1,5972;1,7209
"2023-03-13 00:00:00";1,5973;1,7234
"2023-03-14 00:00:00";1,5937;1,7225
"2023-03-15 00:00:00";1,5887;1,7211
"2023-03-16 00:00:00";1,5837;1,7174
"2023-03-17 00:00:00";1,5771;1,7123
"2023-03-18 00:00:00";1,5729;1,7081
"2023-03-19 00:00:00";1,5709;1,7044
"2023-03-20 00:00:00";1,5713;1,7044
"2023-03-21 00:00:00";1,5671;1,7019
"2023-03-22 00:00:00";1,5637;1,6998
"2023-03-23 00:00:00";1,5592;1,7007
"2023-03-24 00:00:00";1,5558;1,6985
"2023-03-25 00:00:00";1,5525;1,7037
"2023-03-26 00:00:00";1,5475;1,7026
"2023-03-27 00:00:00";1,5483;1,7034
"2023-03-28 00:00:00";1,5412;1,702
"2023-03-29 00:00:00";1,5425;1,7059
"2023-03-30 00:00:00";1,5437;1,7099
"2023-03-31 00:00:00";1,5418;1,7101
"2023-04-01 00:00:00";1,5403;1,7114
"2023-04-02 00:00:00";1,536;1,7109
"2023-04-03 00:00:00";1,5343;1,711
"2023-04-04 00:00:00";1,5343;1,7124
"2023-04-05 00:00:00";1,5386;1,7185
"2023-04-06 00:00:00";1,5397;1,7233
"2023-04-07 00:00:00";1,5413;1,7225
"2023-04-08 00:00:00";1,5406;1,7213
"2023-04-09 00:00:00";1,5406;1,7213
"2023-04-10 00:00:00";1,5406;1,7213
"2023-04-11 00:00:00";1,5396;1,726
"2023-04-12 00:00:00";1,5364;1,7272
"2023-04-13 00:00:00";1,5359;1,7295
"2023-04-14 00:00:00";1,5386;1,7314
"2023-04-15 00:00:00";1,5376;1,7314
"2023-04-16 00:00:00";1,5339;1,7286
"2023-04-17 00:00:00";1,5309;1,728
"2023-04-18 00:00:00";1,5229;1,7278
"2023-04-19 00:00:00";1,5151;1,7242
"2023-04-20 00:00:00";1,5074;1,7212
"2023-04-21 00:00:00";1,5048;1,7195
"2023-04-22 00:00:00";1,4962;1,7118
"2023-04-23 00:00:00";1,4926;1,7096
"2023-04-24 00:00:00";1,4922;1,7102
"2023-04-25 00:00:00";1,4835;1,7053
"2023-04-26 00:00:00";1,4788;1,7022
"2023-04-27 00:00:00";1,4735;1,6977
"2023-04-28 00:00:00";1,4677;1,694
"2023-04-29 00:00:00";1,4615;1,6885
"2023-04-30 00:00:00";1,4588;1,6858
"2023-05-01 00:00:00";1,4582;1,6873
"2023-05-02 00:00:00";1,4563;1,6849
"2023-05-03 00:00:00";1,4538;1,6836
"2023-05-04 00:00:00";1,4456;1,6774
"2023-05-05 00:00:00";1,4358;1,6663
"2023-05-06 00:00:00";1,4287;1,6578
"2023-05-07 00:00:00";1,4274;1,6573
"2023-05-08 00:00:00";1,4265;1,6585
"2023-05-09 00:00:00";1,4227;1,6554
"2023-05-10 00:00:00";1,4215;1,6517
"2023-05-11 00:00:00";1,4202;1,6477
"2023-05-12 00:00:00";1,421;1,648
"2023-05-13 00:00:00";1,4215;1,6458
"2023-05-14 00:00:00";1,4178;1,6439
"2023-05-15 00:00:00";1,4173;1,6428
"2023-05-16 00:00:00";1,4153;1,6401
"2023-05-17 00:00:00";1,4142;1,6406
"2023-05-18 00:00:00";1,4143;1,6369
"2023-05-19 00:00:00";1,4206;1,6435
"2023-05-20 00:00:00";1,4261;1,6466
"2023-05-21 00:00:00";1,426;1,6438
"2023-05-22 00:00:00";1,427;1,6435
"2023-05-23 00:00:00";1,4283;1,6446
"2023-05-24 00:00:00";1,433;1,6486
"2023-05-25 00:00:00";1,4369;1,6532
"2023-05-26 00:00:00";1,4416;1,6587
"2023-05-27 00:00:00";1,4439;1,659
"2023-05-28 00:00:00";1,4398;1,6589
"2023-05-29 00:00:00";1,4382;1,6598
"2023-05-30 00:00:00";1,4365;1,6612
"2023-05-31 00:00:00";1,4399;1,6638
"2023-06-01 00:00:00";1,4397;1,6639
"2023-06-02 00:00:00";1,4369;1,6611
"2023-06-03 00:00:00";1,4374;1,6614
"2023-06-04 00:00:00";1,4378;1,6617
"2023-06-05 00:00:00";1,4387;1,6617
"2023-06-06 00:00:00";1,4422;1,6597
"2023-06-07 00:00:00";1,4467;1,6637
"2023-06-08 00:00:00";1,4479;1,6667
"2023-06-09 00:00:00";1,4519;1,6708
"2023-06-10 00:00:00";1,4544;1,6717
"2023-06-11 00:00:00";1,4532;1,6723
"2023-06-12 00:00:00";1,453;1,673
"2023-06-13 00:00:00";1,4536;1,6736
"2023-06-14 00:00:00";1,4533;1,6703
"2023-06-15 00:00:00";1,4544;1,668
"2023-06-16 00:00:00";1,4529;1,6703
"2023-06-17 00:00:00";1,4592;1,6702
"2023-06-18 00:00:00";1,4633;1,6723
"2023-06-19 00:00:00";1,465;1,6726
"2023-06-20 00:00:00";1,4694;1,6736
"2023-06-21 00:00:00";1,4755;1,6738
"2023-06-22 00:00:00";1,4811;1,6751
"2023-06-23 00:00:00";1,4856;1,6758
"2023-06-24 00:00:00";1,4836;1,6714
"2023-06-25 00:00:00";1,4813;1,6692
"2023-06-26 00:00:00";1,4811;1,6688
"2023-06-27 00:00:00";1,4778;1,6658
"2023-06-28 00:00:00";1,4786;1,6626
"2023-06-29 00:00:00";1,4802;1,6611
"2023-06-30 00:00:00";1,4773;1,6603
"2023-07-01 00:00:00";1,4786;1,6632
"2023-07-02 00:00:00";1,4762;1,6664
"2023-07-03 00:00:00";1,4745;1,6686
"2023-07-04 00:00:00";1,473;1,6628
"2023-07-05 00:00:00";1,4725;1,671
"2023-07-06 00:00:00";1,474;1,6713
"2023-07-07 00:00:00";1,4811;1,6738
"2023-07-08 00:00:00";1,4834;1,6722
"2023-07-09 00:00:00";1,48;1,672
"2023-07-10 00:00:00";1,4784;1,6723
"2023-07-11 00:00:00";1,479;1,6707
"2023-07-12 00:00:00";1,4818;1,6728
"2023-07-13 00:00:00";1,4892;1,6746
"2023-07-14 00:00:00";1,4922;1,6816
"2023-07-15 00:00:00";1,4908;1,6849
"2023-07-16 00:00:00";1,4889;1,6836
"2023-07-17 00:00:00";1,4889;1,6825
"2023-07-18 00:00:00";1,4873;1,6824
"2023-07-19 00:00:00";1,4858;1,6815
"2023-07-20 00:00:00";1,4843;1,6793
"2023-07-21 00:00:00";1,4892;1,6842
"2023-07-22 00:00:00";1,4953;1,69
"2023-07-23 00:00:00";1,4989;1,6957
"2023-07-24 00:00:00";1,5003;1,697
"2023-07-25 00:00:00";1,5073;1,7064
"2023-07-26 00:00:00";1,5194;1,7193
"2023-07-27 00:00:00";1,5227;1,7224
"2023-07-28 00:00:00";1,5227;1,7224
"2023-07-29 00:00:00";1,5424;1,7392
"2023-07-30 00:00:00";1,5465;1,7413
"2023-07-31 00:00:00";1,549;1,7434
"2023-08-01 00:00:00";1,5516;1,7444
"2023-08-02 00:00:00";1,571;1,7574
"2023-08-03 00:00:00";1,584;1,7629
"2023-08-04 00:00:00";1,5897;1,7629
"2023-08-05 00:00:00";1,5963;1,7649
"2023-08-06 00:00:00";1,5962;1,7632
"2023-08-07 00:00:00";1,5977;1,7643
"2023-08-08 00:00:00";1,6012;1,7662
"2023-08-09 00:00:00";1,6029;1,7678
"2023-08-10 00:00:00";1,6031;1,7679
"2023-08-11 00:00:00";1,6102;1,773
"2023-08-12 00:00:00";1,6164;1,7799
"2023-08-13 00:00:00";1,6164;1,7808
"2023-08-14 00:00:00";1,6172;1,7826
"2023-08-15 00:00:00";1,6212;1,7859
"2023-08-16 00:00:00";1,6225;1,788
"2023-08-17 00:00:00";1,6241;1,7885
"2023-08-18 00:00:00";1,6229;1,7919
"2023-08-19 00:00:00";1,6227;1,7965
"2023-08-20 00:00:00";1,6208;1,7973
"2023-08-21 00:00:00";1,6215;1,7973
"2023-08-22 00:00:00";1,6256;1,798
"2023-08-23 00:00:00";1,6283;1,8006
"2023-08-24 00:00:00";1,6281;1,7992
"2023-08-25 00:00:00";1,6266;1,799
"2023-08-26 00:00:00";1,6305;1,8012
"2023-08-27 00:00:00";1,6309;1,8013
"2023-08-28 00:00:00";1,6323;1,8024
"2023-08-29 00:00:00";1,6392;1,8039
"2023-08-30 00:00:00";1,641;1,8052
"2023-08-31 00:00:00";1,6415;1,8099
"2023-09-01 00:00:00";1,6422;1,8097
"2023-09-02 00:00:00";1,6401;1,8111
"2023-09-03 00:00:00";1,6403;1,8119
"2023-09-04 00:00:00";1,6403;1,8119
"2023-09-05 00:00:00";1,641;1,8117
"2023-09-06 00:00:00";1,6429;1,8138
"2023-09-07 00:00:00";1,6487;1,8165
"2023-09-08 00:00:00";1,6497;1,8146
"2023-09-09 00:00:00";1,6557;1,8174
"2023-09-10 00:00:00";1,6597;1,8201
"2023-09-11 00:00:00";1,6607;1,8219
"2023-09-12 00:00:00";1,6645;1,8235
"2023-09-13 00:00:00";1,675;1,8273
"2023-09-14 00:00:00";1,6855;1,8319
"2023-09-15 00:00:00";1,6907;1,8309
"2023-09-16 00:00:00";1,6972;1,8355
"2023-09-17 00:00:00";1,697;1,8347
"2023-09-18 00:00:00";1,6979;1,836
"2023-09-19 00:00:00";1,7028;1,8405
"2023-09-20 00:00:00";1,7058;1,8407
"2023-09-21 00:00:00";1,7065;1,8408
"2023-09-22 00:00:00";1,7072;1,8383
"2023-09-23 00:00:00";1,712;1,8379
"2023-09-24 00:00:00";1,7111;1,8368
"2023-09-25 00:00:00";1,711;1,8371
"2023-09-26 00:00:00";1,714;1,8368
"2023-09-27 00:00:00";1,7116;1,8325
"2023-09-28 00:00:00";1,7089;1,8277
"2023-09-29 00:00:00";1,7113;1,8259
"2023-09-30 00:00:00";1,7194;1,824
"2023-10-01 00:00:00";1,722;1,8222
"2023-10-02 00:00:00";1,7224;1,8218
"2023-10-03 00:00:00";1,7254;1,8162
"2023-10-04 00:00:00";1,7276;1,8067
"2023-10-05 00:00:00";1,7218;1,7949
"2023-10-06 00:00:00";1,718;1,7839
"2023-10-07 00:00:00";1,7058;1,7703
"2023-10-08 00:00:00";1,7021;1,767
"2023-10-09 00:00:00";1,7019;1,7663
"2023-10-10 00:00:00";1,6967;1,7586
"2023-10-11 00:00:00";1,6922;1,7502
"2023-10-12 00:00:00";1,6851;1,7425
"2023-10-13 00:00:00";1,6824;1,7398
"2023-10-14 00:00:00";1,6792;1,7365
"2023-10-15 00:00:00";1,6781;1,7347
"2023-10-16 00:00:00";1,6785;1,735
"2023-10-17 00:00:00";1,6783;1,7299
"2023-10-18 00:00:00";1,6802;1,7265
"2023-10-19 00:00:00";1,6797;1,7202
"2023-10-20 00:00:00";1,6791;1,7193
"2023-10-21 00:00:00";1,6774;1,7187
"2023-10-22 00:00:00";1,6756;1,7204
"2023-10-23 00:00:00";1,6781;1,722
"2023-10-24 00:00:00";1,6757;1,7214
"2023-10-25 00:00:00";1,673;1,7215
"2023-10-26 00:00:00";1,6711;1,717
"2023-10-27 00:00:00";1,6668;1,7135
"2023-10-28 00:00:00";1,6668;1,7116
"2023-10-29 00:00:00";1,6641;1,7103
"2023-10-30 00:00:00";1,6639;1,7101
"2023-10-31 00:00:00";1,6602;1,7065
"2023-11-01 00:00:00";1,6583;1,7058
"2023-11-02 00:00:00";1,6587;1,7054
"2023-11-03 00:00:00";1,6571;1,7049
"2023-11-04 00:00:00";1,6582;1,7033
"2023-11-05 00:00:00";1,6591;1,7036
"2023-11-06 00:00:00";1,6591;1,7036
"2023-11-07 00:00:00";1,6541;1,699
"2023-11-08 00:00:00";1,6501;1,6937
"2023-11-09 00:00:00";1,6458;1,6864
"2023-11-10 00:00:00";1,6402;1,6816
"2023-11-11 00:00:00";1,6319;1,6763
"2023-11-12 00:00:00";1,629;1,675
"2023-11-13 00:00:00";1,6255;1,6732
"2023-11-14 00:00:00";1,613;1,6685
"2023-11-15 00:00:00";1,6088;1,6659
"2023-11-16 00:00:00";1,6061;1,6664
"2023-11-17 00:00:00";1,6042;1,6631
"2023-11-18 00:00:00";1,597;1,6584
"2023-11-19 00:00:00";1,5934;1,6555
"2023-11-20 00:00:00";1,5934;1,6554
"2023-11-21 00:00:00";1,5878;1,6524
"2023-11-22 00:00:00";1,5892;1,6532
"2023-11-23 00:00:00";1,5912;1,6542
"2023-11-24 00:00:00";1,5909;1,6497