"Dia";"Barcelona - el Raval";"Barcelona - Observatori Fabra";"Barcelona - Zona Universitària"
"2020-02-01 00:00:00";15,71;13,97;14,87
"2020-02-02 00:00:00";17,48;15,32;16,76
"2020-02-03 00:00:00";18,13;17,48;17,63
"2020-02-04 00:00:00";16,05;13,03;15,79
"2020-02-05 00:00:00";12,62;9,8;11,03
"2020-02-06 00:00:00";12,09;9,52;10,32
"2020-02-07 00:00:00";11,94;8,89;10,52
"2020-02-08 00:00:00";12,41;9,55;10,97
"2020-02-09 00:00:00";12,91;11,06;11,88
"2020-02-10 00:00:00";15,86;14,06;14,97
"2020-02-11 00:00:00";15;12,33;14,44
"2020-02-12 00:00:00";12,61;9,55;12,01
"2020-02-13 00:00:00";14,14;11,93;13,03
"2020-02-14 00:00:00";13,4;11,03;12,64
"2020-02-15 00:00:00";13,6;11,07;12,51
"2020-02-16 00:00:00";13,94;10,45;13,04
"2020-02-17 00:00:00";14,39;11,5;13,53
"2020-02-18 00:00:00";12,62;9,08;11,7
"2020-02-19 00:00:00";12;9,04;10,75
"2020-02-20 00:00:00";12,76;10,83;11,16
"2020-02-21 00:00:00";14,08;12,28;12,82
"2020-02-22 00:00:00";13,16;11,61;12,25
"2020-02-23 00:00:00";14,88;15,56;13,78
"2020-02-24 00:00:00";15,66;16,15;14,66
"2020-02-25 00:00:00";13,25;11,98;12,81
"2020-02-26 00:00:00";14,24;10,95;13,63
"2020-02-27 00:00:00";15,2;11,48;14,49
"2020-02-28 00:00:00";14,15;10,8;13,01
"2020-02-29 00:00:00";15,63;13,17;14,91
"2020-03-01 00:00:00";16,44;13,65;15,9
"2020-03-02 00:00:00";15,13;11,6;14,46
"2020-03-03 00:00:00";12,55;8,5;11,89
"2020-03-04 00:00:00";13,63;10,57;12,74
"2020-03-05 00:00:00";16,14;13,68;15,24
"2020-03-06 00:00:00";12,54;8,32;11,34
"2020-03-07 00:00:00";12,84;9,17
"2020-03-08 00:00:00";14,23;11,21;13,1
"2020-03-09 00:00:00";13,99;11,1;13,18
"2020-03-10 00:00:00";13,73;10,58;12,68
"2020-03-11 00:00:00";14,07;14,17;13,73
"2020-03-12 00:00:00";14,92;15,37;14,45
"2020-03-13 00:00:00";15,14;13,99;14,33
"2020-03-14 00:00:00";14,93;12,38;14,17
"2020-03-15 00:00:00";14,38;11,36;13,44
"2020-03-16 00:00:00";13,75;10,54;13,28
"2020-03-17 00:00:00";14,94;11,77;14,6
"2020-03-18 00:00:00";13,97;12,26;13,16
"2020-03-19 00:00:00";13;10,96;12,1
"2020-03-20 00:00:00";13,15;10,58;12,46
"2020-03-21 00:00:00";13,57;11,03;13,12
"2020-03-22 00:00:00";14,02;11,1;13,36
"2020-03-23 00:00:00";13,64;10,53;13,14
"2020-03-24 00:00:00";12,37;8,77;11,7
"2020-03-25 00:00:00";10,53;6,67;9,44
"2020-03-26 00:00:00";9,6;6,39;8,89
"2020-03-27 00:00:00";11,48;8,06;10,28
"2020-03-28 00:00:00";14,26;11,93;13,73
"2020-03-29 00:00:00";15,03;13,35;14,44
"2020-03-30 00:00:00";10,63;7,02;9,8
"2020-03-31 00:00:00";11,85;8,14;11,29
"2020-04-01 00:00:00";11,46;8,17;11,06
"2020-04-02 00:00:00";12,36;9;11,79
"2020-04-03 00:00:00";13,5;10,84;12,13
"2020-04-04 00:00:00";13,88;12,67;12,96
"2020-04-05 00:00:00";14,15;12,44;13,04
"2020-04-06 00:00:00";14,55;12,48;13,81
"2020-04-07 00:00:00";15,48;12,96;14,92
"2020-04-08 00:00:00";16,16;14,02;15,64
"2020-04-09 00:00:00";15,9;14,17;15,3
"2020-04-10 00:00:00";16,41;14,97;15,75
"2020-04-11 00:00:00";16,7;14,44;15,48
"2020-04-12 00:00:00";16,48;14,85;16,11
"2020-04-13 00:00:00";14,36;11,23;13,83
"2020-04-14 00:00:00";15,61;13,57;15,45
"2020-04-15 00:00:00";15,4;13,72;14,99
"2020-04-16 00:00:00";16,32;14,29;16,3
"2020-04-17 00:00:00";16,91;14,08;16,23
"2020-04-18 00:00:00";16,76;14,92;16,37
"2020-04-19 00:00:00";15,67;13,62;15,42
"2020-04-20 00:00:00";15,91;13,44;15,47
"2020-04-21 00:00:00";14,7;12,46;14,3
"2020-04-22 00:00:00";15,17;11,59;14,59
"2020-04-23 00:00:00";17,93;14,59;16,6
"2020-04-24 00:00:00";18,53;16,54;17,51
"2020-04-25 00:00:00";17,11;15,55;16,55
"2020-04-26 00:00:00";17,61;15,51;16,89
"2020-04-27 00:00:00";17,6;14,71;16,54
"2020-04-28 00:00:00";18,17;14,7;17,15
"2020-04-29 00:00:00";18,12;14,94;17,44
"2020-04-30 00:00:00";20,44;16,9;19,64
"2020-05-01 00:00:00";22,41;19,17;21,01
"2020-05-02 00:00:00";20,39;19,08;20,61
"2020-05-03 00:00:00";20,08;18,57;19,81
"2020-05-04 00:00:00";21,5;19,95;20,79
"2020-05-05 00:00:00";20,6;19,35;20,14
"2020-05-06 00:00:00";;20,53
"2020-05-07 00:00:00";;19,67;20,29
"2020-05-08 00:00:00";20,21;18,3;20,01
"2020-05-09 00:00:00";18,81;15,87;18,39
"2020-05-10 00:00:00";18,32;14,97;17,67
"2020-05-11 00:00:00";20,14;16,73;19,39
"2020-05-12 00:00:00";17,53;15,42;17,43
"2020-05-13 00:00:00";19,8;16,31;18,94
"2020-05-14 00:00:00";16,87;14,05;16,83
"2020-05-15 00:00:00";18,03;15,62;17,48
"2020-05-16 00:00:00";18,35;15,1;17,29
"2020-05-17 00:00:00";19,62;16,3;18,58
"2020-05-18 00:00:00";20,44;19,35;19,69
"2020-05-19 00:00:00";22,14;21,05;21,8
"2020-05-20 00:00:00";22,25;22,3;22,27
"2020-05-21 00:00:00";;23,76;23,7
"2020-05-22 00:00:00";24,37;23,25;23,2
"2020-05-23 00:00:00";;21,86;22,45
"2020-05-24 00:00:00";20,93;18,36;20,39
"2020-05-25 00:00:00";22,18;19,41;21,45
"2020-05-26 00:00:00";;21,55;22,88
"2020-05-27 00:00:00";21,81;20,86;21,53
"2020-05-28 00:00:00";20,96;19,27;21,35
"2020-05-29 00:00:00";22,16;20,24;20,88
"2020-05-30 00:00:00";20,84;18,51;20,55
"2020-05-31 00:00:00";21,5;18,32;20,78
"2020-06-01 00:00:00";21,76;18,88;21,19
"2020-06-02 00:00:00";21,69;19,05;20,75
"2020-06-03 00:00:00";22,4;19,17;21,52
"2020-06-04 00:00:00";19,9;16,14;18,89
"2020-06-05 00:00:00";20,11;16,97;19,67
"2020-06-06 00:00:00";20,99;19,79;20,67
"2020-06-07 00:00:00";19,85;16,97;19,26
"2020-06-08 00:00:00";18,14;14,07;17,05
"2020-06-09 00:00:00";18,07;14,73;16,89
"2020-06-10 00:00:00";19;16,4;18,34
"2020-06-11 00:00:00";20,16;17,18;19,78
"2020-06-12 00:00:00";22,85;19,13;22,05
"2020-06-13 00:00:00";23,23;19,75;22,35
"2020-06-14 00:00:00";21,91;18,51;21,03
"2020-06-15 00:00:00";22,15;19,34;21,66
"2020-06-16 00:00:00";20,61;16,5;19,27
"2020-06-17 00:00:00";20,9;17,95;20,31
"2020-06-18 00:00:00";19,17;16,61;18,84
"2020-06-19 00:00:00";21,23;18,26
"2020-06-20 00:00:00";22,8;19,56;21,92
"2020-06-21 00:00:00";24,09;21,9;23,2
"2020-06-22 00:00:00";24,17;22,73;23,91
"2020-06-23 00:00:00";25,33;22,5;24,12
"2020-06-24 00:00:00";25,06;22,57;24,26
"2020-06-25 00:00:00";25,48;24,05;25,54
"2020-06-26 00:00:00";26,07;24,84;25,88
"2020-06-27 00:00:00";25;23,46;24,79
"2020-06-28 00:00:00";25,94;23,9;25,58
"2020-06-29 00:00:00";25,35;22,88;24,86
"2020-06-30 00:00:00";25,17;22,29;24,84
"2020-07-01 00:00:00";26,32;25,2;26,45
"2020-07-02 00:00:00";26,4;23,77;26,02
"2020-07-03 00:00:00";23,09;19,86;22,6
"2020-07-04 00:00:00";24,01;21,12;23,4
"2020-07-05 00:00:00";26,15;24,39;25,03
"2020-07-06 00:00:00";;25,77;25,93
"2020-07-07 00:00:00";24,8;22,35;24,62
"2020-07-08 00:00:00";25,36;23,83;25,33
"2020-07-09 00:00:00";26,48;24,66;26,34
"2020-07-10 00:00:00";26,34;24,54;25,86
"2020-07-11 00:00:00";25,85;23,76;25,68
"2020-07-12 00:00:00";25,63;23,21;24,94
"2020-07-13 00:00:00";26;24,32;25,89
"2020-07-14 00:00:00";26,3;23,58;25,98
"2020-07-15 00:00:00";25,47;22,39;24,6
"2020-07-16 00:00:00";22,72;19,68;22,26
"2020-07-17 00:00:00";24,47;21,22;24
"2020-07-18 00:00:00";25,36;23,01;25,02
"2020-07-19 00:00:00";26,9;23,96;25,93
"2020-07-20 00:00:00";26,56;23,61;25,4
"2020-07-21 00:00:00";;25,21;25,77
"2020-07-22 00:00:00";26,3;24,86;26,28
"2020-07-23 00:00:00";;27,29;27,24
"2020-07-24 00:00:00";;25,71;27,22
"2020-07-25 00:00:00";27,43;24,83;27,04
"2020-07-26 00:00:00";26,55;25,31;26,64
"2020-07-27 00:00:00";;26,31;27,4
"2020-07-28 00:00:00";27,06;26,24;27,16
"2020-07-29 00:00:00";27,29;26,33;27,44
"2020-07-30 00:00:00";;28,46;28,37
"2020-07-31 00:00:00";28,08;28,18;27,94
"2020-08-01 00:00:00";29,04;29,75;29,01
"2020-08-02 00:00:00";28,4;25,36;27,83
"2020-08-03 00:00:00";24,33;22,05;24,25
"2020-08-04 00:00:00";24,52;21,67;22,35
"2020-08-05 00:00:00";26,01;23,84
"2020-08-06 00:00:00";;25,99
"2020-08-07 00:00:00";28,02;26,68
"2020-08-08 00:00:00";28,25;27,27
"2020-08-09 00:00:00";28,62;29,31
"2020-08-10 00:00:00";;27,47;27,87
"2020-08-11 00:00:00";27,71;26,73;27,91
"2020-08-12 00:00:00";28,35;26,19
"2020-08-13 00:00:00";27,86;25,82;27,4
"2020-08-14 00:00:00";26,71;24,3;26,61
"2020-08-15 00:00:00";27,47;24,62;26,68
"2020-08-16 00:00:00";26,9;24,13;26,3
"2020-08-17 00:00:00";26,32;23,68;26,1
"2020-08-18 00:00:00";26,42;23,83;26,1
"2020-08-19 00:00:00";27,74;25,33;26,88
"2020-08-20 00:00:00";;26,07
"2020-08-21 00:00:00";27,63;26,04;27,63
"2020-08-22 00:00:00";28;26,2;28,17
"2020-08-23 00:00:00";26,09;23,25;25,68
"2020-08-24 00:00:00";25,93;22,73;25,25
"2020-08-25 00:00:00";;24,78;26,72
"2020-08-26 00:00:00";28;25,8;27,29
"2020-08-27 00:00:00";;24,8;26,88
"2020-08-28 00:00:00";27,1;24,39;26,64
"2020-08-29 00:00:00";20,07;16,77;19,36
"2020-08-30 00:00:00";21,21;18,15;21,1
"2020-08-31 00:00:00";22,08;19,08;21,23
"2020-09-01 00:00:00";23,35;20,49;22,35
"2020-09-02 00:00:00";23,9;20,49;23,23
"2020-09-03 00:00:00";24,55;22,1;23,49
"2020-09-04 00:00:00";25,27;23,55;24,94
"2020-09-05 00:00:00";25,1;22,96;24,58
"2020-09-06 00:00:00";25,51;23,44;25,07
"2020-09-07 00:00:00";20,92;17,88;20,09
"2020-09-08 00:00:00";22,56;19,96;21,53
"2020-09-09 00:00:00";20,78;17,65;19,76
"2020-09-10 00:00:00";23,16;20,19;21,76
"2020-09-11 00:00:00";25,7;23,84;25,01
"2020-09-12 00:00:00";26,22;25,28;25,7
"2020-09-13 00:00:00";26,1;26,12;25,57
"2020-09-14 00:00:00";25,07;24,63;24,4
"2020-09-15 00:00:00";25,44;23,64;24,35
"2020-09-16 00:00:00";;24,27;24,64
"2020-09-17 00:00:00";;25,14;24,94
"2020-09-18 00:00:00";24,61;21,63;23,09
"2020-09-19 00:00:00";24,66;21,91
"2020-09-20 00:00:00";24,6;21,28
"2020-09-21 00:00:00";22,23
"2020-09-22 00:00:00";23,09;;21,79
"2020-09-23 00:00:00";24,01;;22,79
"2020-09-24 00:00:00";24,19;21,36;23,39
"2020-09-25 00:00:00";20,51;16,79;19,2
"2020-09-26 00:00:00";17,67;14,74;17,13
"2020-09-27 00:00:00";17,23;13,43;16,1
"2020-09-28 00:00:00";19,22;;18,27
"2020-09-29 00:00:00";20,38;17,95;19,31
"2020-09-30 00:00:00";20,73;;19,45
"2020-10-01 00:00:00";21,79;19,62;21,59
"2020-10-02 00:00:00";17,97;14,16;16,82
"2020-10-03 00:00:00";16,35;12,52;15,29
"2020-10-04 00:00:00";18,53;15,03;17,71
"2020-10-05 00:00:00";17,49;14,11;16,17
"2020-10-06 00:00:00";20,08;17,92;19,12
"2020-10-07 00:00:00";21,33;18,38;20,99
"2020-10-08 00:00:00";20,6;17,86;19,9
"2020-10-09 00:00:00";21,11;18,82;20,08
"2020-10-10 00:00:00";18,4;16,12;18,01
"2020-10-11 00:00:00";16,65;13,34;16,01
"2020-10-12 00:00:00";18,2;14,52;17,11
"2020-10-13 00:00:00";17,72;14,32;16,58
"2020-10-14 00:00:00";15,46;11,81;14,4
"2020-10-15 00:00:00";14,49;10,87;13,56
"2020-10-16 00:00:00";14,84;11,54;13,38
"2020-10-17 00:00:00";15,55;13,67;14,37
"2020-10-18 00:00:00";16,17;14,4;14,32
"2020-10-19 00:00:00";17,31;15,19;16,18
"2020-10-20 00:00:00";19,33;16,86;18,79
"2020-10-21 00:00:00";21,18;18,62;20,68
"2020-10-22 00:00:00";20,3;17,69;19,54
"2020-10-23 00:00:00";20,56;17,27;19,01
"2020-10-24 00:00:00";18,11;15,26;16,66
"2020-10-25 00:00:00";18,63;15,71;17,54
"2020-10-26 00:00:00";16,41;12,89;15,75
"2020-10-27 00:00:00";15,84;12,23;14,42
"2020-10-28 00:00:00";17,41;14,68;16,28
"2020-10-29 00:00:00";;16,12;17,02
"2020-10-30 00:00:00";18,01;17,5;16,97
"2020-10-31 00:00:00";17,52;17,94;16,47
"2020-11-01 00:00:00";18;17,94;16,34
"2020-11-02 00:00:00";18,09;17,58;17,06
"2020-11-03 00:00:00";17,84;14,94;17,28
"2020-11-04 00:00:00";14,74;10,9;13,44
"2020-11-05 00:00:00";16,45;13,44;16,06
"2020-11-06 00:00:00";18,12;14,72;17,71
"2020-11-07 00:00:00";17,92;14,77;17,04
"2020-11-08 00:00:00";17,29;15,65;15,76
"2020-11-09 00:00:00";16,51;15,82;15,06
"2020-11-10 00:00:00";17,05;14,71;15,28
"2020-11-11 00:00:00";16,87;14,42;15,24
"2020-11-12 00:00:00";16,42;13,57;15,27
"2020-11-13 00:00:00";16,25;14,68;15,28
"2020-11-14 00:00:00";17,06;15,09;15,78
"2020-11-15 00:00:00";18,2;15,98;17,42
"2020-11-16 00:00:00";17,75;14,79;17,23
"2020-11-17 00:00:00";16,41;14,06;15,54
"2020-11-18 00:00:00";16,01;13,49;14,76
"2020-11-19 00:00:00";17,05;14,83;15,74
"2020-11-20 00:00:00";13,91;10,72;12,33
"2020-11-21 00:00:00";12,67;9,6;10,85
"2020-11-22 00:00:00";12,23;10,06;10,17
"2020-11-23 00:00:00";13,64;11,37;11,99
"2020-11-24 00:00:00";13,96;11,69;12,8
"2020-11-25 00:00:00";15,16;12,69;13,68
"2020-11-26 00:00:00";16,14;13,24;15,81
"2020-11-27 00:00:00";16,05;12,71;15,51
"2020-11-28 00:00:00";13,93;10,63;13,23
"2020-11-29 00:00:00";16,07;13,2;15,02
"2020-11-30 00:00:00";14,52;12,69;14,06
"2020-12-01 00:00:00";12,7;9,15;11,32
"2020-12-02 00:00:00";12,01;8,61;10,65
"2020-12-03 00:00:00";10,2;6,91;8,93
"2020-12-04 00:00:00";11,16;8,26;9,94
"2020-12-05 00:00:00";8,92;5,63;7,7
"2020-12-06 00:00:00";9,55;5,8;8,69
"2020-12-07 00:00:00";10,9;7,03;9,8
"2020-12-08 00:00:00";10,01;6,1;8,84
"2020-12-09 00:00:00";10,24;6,33;9,24
"2020-12-10 00:00:00";11,78;8,08;10,82
"2020-12-11 00:00:00";12,2;9,51;11,28
"2020-12-12 00:00:00";13,64;10,18;13,2
"2020-12-13 00:00:00";12,27;9,52;11,04
"2020-12-14 00:00:00";12,94;11,88;12,16
"2020-12-15 00:00:00";14,97;12,65;13,85
"2020-12-16 00:00:00";13,95;11,92;12,65
"2020-12-17 00:00:00";14,18;12,33;13,35
"2020-12-18 00:00:00";14,8;12,2;13,93
"2020-12-19 00:00:00";13,95;11,13;12,67
"2020-12-20 00:00:00";13,82;10,17;12,76
"2020-12-21 00:00:00";13,38;10,19;12,35
"2020-12-22 00:00:00";13,57;12,2;12,54
"2020-12-23 00:00:00";13,6;11,9;12,19
"2020-12-24 00:00:00";12,93;9,62;11,91
"2020-12-25 00:00:00";9,9;5,49;8,58
"2020-12-26 00:00:00";8,94;5,11;7,63
"2020-12-27 00:00:00";8,02;4,24;6,91
"2020-12-28 00:00:00";11,07;7,29;9,99
"2020-12-29 00:00:00";10,78;6,69;9,82
"2020-12-30 00:00:00";9,23;5,25;8,33
"2020-12-31 00:00:00";10,15;6,46;9,05
"2021-01-01 00:00:00";8,94;5,25;8,01
"2021-01-02 00:00:00";7,41;3,22;5,96
"2021-01-03 00:00:00";6,76;3,36;5,31
"2021-01-04 00:00:00";7,01;3,53;5,72
"2021-01-05 00:00:00";6,27;2,96;5,23
"2021-01-06 00:00:00";6,49;3,48;4,87
"2021-01-07 00:00:00";6,49;3,04;5,92
"2021-01-08 00:00:00";6;2,27;4,81
"2021-01-09 00:00:00";6,76;3,12;6,1
"2021-01-10 00:00:00";7,57;3,93;6,57
"2021-01-11 00:00:00";6,01;1,73;4,64
"2021-01-12 00:00:00";6,32;1,79;4,77
"2021-01-13 00:00:00";8,59;4,84;7,32
"2021-01-14 00:00:00";8,55;4,42;7,2
"2021-01-15 00:00:00";9,24;6,1;8,23
"2021-01-16 00:00:00";9,6;6,59;8,37
"2021-01-17 00:00:00";11,74;9,18;11,1
"2021-01-18 00:00:00";10,9;8,41;10,08
"2021-01-19 00:00:00";11,46;8,64;10,08
"2021-01-20 00:00:00";12,05;8,81;11,12
"2021-01-21 00:00:00";13,41;10,79;12,65
"2021-01-22 00:00:00";13,11;9,7;12,41
"2021-01-23 00:00:00";12,34;8,48;11,32
"2021-01-24 00:00:00";13,49;10,16;12,47
"2021-01-25 00:00:00";12,61;8,84;11,9
"2021-01-26 00:00:00";10,86;7,66;10,07
"2021-01-27 00:00:00";12,14;11,12;10,85
"2021-01-28 00:00:00";14,11;14,29;14,2
"2021-01-29 00:00:00";17,06;15,46;16,99
"2021-01-30 00:00:00";15,26;12,67;14,39
"2021-01-31 00:00:00";14,38;10,56;13,56
"2021-02-01 00:00:00";16,96;13,3;16,23
"2021-02-02 00:00:00";16,2;13,89;15,3
"2021-02-03 00:00:00";16,27;14,05;15,49
"2021-02-04 00:00:00";12,75;;12,26
"2021-02-05 00:00:00";13,2;10,5;12,92
"2021-02-06 00:00:00";14,97;13,03;14,74
"2021-02-07 00:00:00";11,72;7,81;10,57
"2021-02-08 00:00:00";11,7;8,06;10,23
"2021-02-09 00:00:00";12,75;9,25;11,91
"2021-02-10 00:00:00";13,04;9,12;11,89
"2021-02-11 00:00:00";13,19;11,07;12,19
"2021-02-12 00:00:00";12,81;12,46;12,38
"2021-02-13 00:00:00";13,08;10,19;12,11
"2021-02-14 00:00:00";9,82;5,89;9,12
"2021-02-15 00:00:00";10,54;6,74;9,68
"2021-02-16 00:00:00";12,41;9,43;11,66
"2021-02-17 00:00:00";12,56;10,81;11,48
"2021-02-18 00:00:00";11,79;9,49;10,48
"2021-02-19 00:00:00";11,6;9,86;10,35
"2021-02-20 00:00:00";11,69;9,39;11,08
"2021-02-21 00:00:00";13,46;10,19;13,25
"2021-02-22 00:00:00";13,57;10,68;13,11
"2021-02-23 00:00:00";14,56;11,88;14,51
"2021-02-24 00:00:00";14,06;11,94;13,94
"2021-02-25 00:00:00";13,86;11,08;12,81
"2021-02-26 00:00:00";13,41;11,05;12,62
"2021-02-27 00:00:00";13,33;10,95;12,44
"2021-02-28 00:00:00";13,2;10,26;12,57
"2021-03-01 00:00:00";13,37;10,04;13,05
"2021-03-02 00:00:00";13,53;10,27;13,22
"2021-03-03 00:00:00";13,22;10,56;12,87
"2021-03-04 00:00:00";13,3;10,31;12,33
"2021-03-05 00:00:00";13,13;10,64;11,86
"2021-03-06 00:00:00";12,86;10,62;12,37
"2021-03-07 00:00:00";12,74;9,76;12,35
"2021-03-08 00:00:00";12,43;9,02;11,83
"2021-03-09 00:00:00";12,44;9,17;11,6
"2021-03-10 00:00:00";12,25;9,56;11,17
"2021-03-11 00:00:00";14,08;13,09;12,83
"2021-03-12 00:00:00";13,04;10,7;12,47
"2021-03-13 00:00:00";13,84;10,99;12,53
"2021-03-14 00:00:00";13,25;10,37;12,65
"2021-03-15 00:00:00";13,42;10,03;12,56
"2021-03-16 00:00:00";13,15;10,88;12,36
"2021-03-17 00:00:00";13,58;11,33;12,75
"2021-03-18 00:00:00";11,87;9,33;11,37
"2021-03-19 00:00:00";8,84;5,29;7,84
"2021-03-20 00:00:00";10,83;7,78;10,15
"2021-03-21 00:00:00";11,56;9,05;10,67
"2021-03-22 00:00:00";13,26;10,9;12,31
"2021-03-23 00:00:00";13,06;11,55;12,54
"2021-03-24 00:00:00";13,9;13,8;12,71
"2021-03-25 00:00:00";13,67;13,42;12,68
"2021-03-26 00:00:00";14,29;11,49;13,63
"2021-03-27 00:00:00";14,18;11,79;13,8
"2021-03-28 00:00:00";14,11;13,19;13,53
"2021-03-29 00:00:00";14,52;13,68;14,43
"2021-03-30 00:00:00";14,35;14,74;14,35
"2021-03-31 00:00:00";14,21;13,85;13,93
"2021-04-01 00:00:00";15,53;14,96;14,84
"2021-04-02 00:00:00";16,55;14,8;16,44
"2021-04-03 00:00:00";17,65;16,82;17,28
"2021-04-04 00:00:00";15,66;13,41;14,88
"2021-04-05 00:00:00";15,93;14,5;15,53
"2021-04-06 00:00:00";14,25;11,76;13,47
"2021-04-07 00:00:00";10,99;7,77;10,24
"2021-04-08 00:00:00";13,08;10,05;12,04
"2021-04-09 00:00:00";13,08;10,07;12,09
"2021-04-10 00:00:00";13,36;10,35;12,63
"2021-04-11 00:00:00";14,05;11,01;13,38
"2021-04-12 00:00:00";12,32;9,54;11,68
"2021-04-13 00:00:00";13,06;10,63;12,43
"2021-04-14 00:00:00";13,1;10,85;12,54
"2021-04-15 00:00:00";13,13;10,87;12,68
"2021-04-16 00:00:00";12,37;9,22;11,83
"2021-04-17 00:00:00";11,52;8,6;10,79
"2021-04-18 00:00:00";13,33;10,97;12,62
"2021-04-19 00:00:00";13,78;11,8;13,23
"2021-04-20 00:00:00";14,48;12,08;14,14
"2021-04-21 00:00:00";13,24;10,08;12,84
"2021-04-22 00:00:00";13,62;11,1;13,45
"2021-04-23 00:00:00";15,11;13,55;14,68
"2021-04-24 00:00:00";15,25;14,39;15,03
"2021-04-25 00:00:00";16,57;14,54;16,2
"2021-04-26 00:00:00";16,03;13,01;15,56
"2021-04-27 00:00:00";15,51;12,78;14,92
"2021-04-28 00:00:00";15,65;13;15,53
"2021-04-29 00:00:00";15,87;13,7;16,19
"2021-04-30 00:00:00";15,95;13,68;15,89
"2021-05-01 00:00:00";14,95;11,94;14,61
"2021-05-02 00:00:00";14,01;10,85;13,4
"2021-05-03 00:00:00";14,92;13,35;14,34
"2021-05-04 00:00:00";16,73;14,63;15,62
"2021-05-05 00:00:00";17,26;15,88;17,28
"2021-05-06 00:00:00";18,24;16,08;17,71
"2021-05-07 00:00:00";17,81;16,59;17,61
"2021-05-08 00:00:00";20,15;17,82;19,23
"2021-05-09 00:00:00";18,48;17,13;18,17
"2021-05-10 00:00:00";18,35;15,58;17,61
"2021-05-11 00:00:00";17,33;13,8;16,36
"2021-05-12 00:00:00";18,1;16;17,02
"2021-05-13 00:00:00";18,07;15,33;17,59
"2021-05-14 00:00:00";16,92;14,12;16,72
"2021-05-15 00:00:00";19,32;18,08;18,76
"2021-05-16 00:00:00";19,25;18,95;19,82
"2021-05-17 00:00:00";17,19;14,76;17,09
"2021-05-18 00:00:00";17,96;15,51;17,84
"2021-05-19 00:00:00";17,36;14,45;16,83
"2021-05-20 00:00:00";17,86;16,06;17,86
"2021-05-21 00:00:00";18,99;16,54;18,24
"2021-05-22 00:00:00";17;15,21;17,12
"2021-05-23 00:00:00";16,32;14,01;16,01
"2021-05-24 00:00:00";18,79;16,64;18,53
"2021-05-25 00:00:00";16,94;14,1;16,68
"2021-05-26 00:00:00";17,84;15,85;17,69
"2021-05-27 00:00:00";19,46;18,37;19,54
"2021-05-28 00:00:00";20,06;21,01;20,56
"2021-05-29 00:00:00";23,42;22,95;22,91
"2021-05-30 00:00:00";22,5;21,71;22,78
"2021-05-31 00:00:00";21,44;20,17;21,77
"2021-06-01 00:00:00";20,46;19,78;20,34
"2021-06-02 00:00:00";20,85;19,62;21
"2021-06-03 00:00:00";20,9;19,25;21,06
"2021-06-04 00:00:00";21,02;19,66;21,34
"2021-06-05 00:00:00";20,9;19,52;21,29
"2021-06-06 00:00:00";22,59;19,7;21,9
"2021-06-07 00:00:00";22,04;19,89;21,52
"2021-06-08 00:00:00";22,72;21,81;22,54
"2021-06-09 00:00:00";24,38;23,56;24,26
"2021-06-10 00:00:00";25,86;24,08;25,21
"2021-06-11 00:00:00";26,32;25,44;25,98
"2021-06-12 00:00:00";27,48;26,6;26,76
"2021-06-13 00:00:00";27,87;27,44;28
"2021-06-14 00:00:00";28,01;27,85;28,34
"2021-06-15 00:00:00";27,92;27,68;28,02
"2021-06-16 00:00:00";26,26;26,05;26,62
"2021-06-17 00:00:00";24,5;21,9;24,35
"2021-06-18 00:00:00";24,61;23,34;24,81
"2021-06-19 00:00:00";24,67;22,76;24,82
"2021-06-20 00:00:00";25,67;23,2;24,57
"2021-06-21 00:00:00";25,98;23,57;25,51
"2021-06-22 00:00:00";23,19;22,34;23,58
"2021-06-23 00:00:00";22,22;18,92;21,43
"2021-06-24 00:00:00";22,22;20,29;22,14
"2021-06-25 00:00:00";23,17;20,6;22,91
"2021-06-26 00:00:00";24,27;21,76;23,67
"2021-06-27 00:00:00";24,51;22,82;24,26
"2021-06-28 00:00:00";23,88;22,42;23,78
"2021-06-29 00:00:00";23,45;20,24;23,28
"2021-06-30 00:00:00";23,44;20,69;23,24
"2021-07-01 00:00:00";24,88;22,64;24,59
"2021-07-02 00:00:00";25,84;24,12;24,98
"2021-07-03 00:00:00";25,62;23,55;25,27
"2021-07-04 00:00:00";24,9;22,97;24,17
"2021-07-05 00:00:00";25,84;23,86;25,38
"2021-07-06 00:00:00";25,68;23,94;25,93
"2021-07-07 00:00:00";25,08;22,62;24,46
"2021-07-08 00:00:00";23,61;21,94;24,12
"2021-07-09 00:00:00";25,03;22,09;24,37
"2021-07-10 00:00:00";26,17;23,84;25,4
"2021-07-11 00:00:00";25,51;23,65;25,46
"2021-07-12 00:00:00";25,08;22,77;24,71
"2021-07-13 00:00:00";23,22;20,46;22,81
"2021-07-14 00:00:00";22,74;21,07;22,64
"2021-07-15 00:00:00";23,81;22,06;24,19
"2021-07-16 00:00:00";24,74;22,46;24,46
"2021-07-17 00:00:00";25,1;23,08;24,72
"2021-07-18 00:00:00";25,9;24,52;25,62
"2021-07-19 00:00:00";28,75;26,88;28,47
"2021-07-20 00:00:00";27,81;26,11;26,76
"2021-07-21 00:00:00";27,74;26,46;27,38
"2021-07-22 00:00:00";28,67;27,93;27,81
"2021-07-23 00:00:00";28,62;27,52;27,64
"2021-07-24 00:00:00";26,32;25,53;26,22
"2021-07-25 00:00:00";26;24,18;26,06
"2021-07-26 00:00:00";26,04;23,23;25,42
"2021-07-27 00:00:00";26,42;23,63;25,61
"2021-07-28 00:00:00";25,07;24,16;24,89
"2021-07-29 00:00:00";25,92;23,76;25,44
"2021-07-30 00:00:00";26,46;24,51;26,3
"2021-07-31 00:00:00";24,4;22,13;24,03
"2021-08-01 00:00:00";22,58;19,37;21,8
"2021-08-02 00:00:00";23,72;21,56;23,69
"2021-08-03 00:00:00";25,56;22,65;25,04
"2021-08-04 00:00:00";24,5;21,7;23,88
"2021-08-05 00:00:00";25,57;23,2;24,73
"2021-08-06 00:00:00";24,57;22,74;24,44
"2021-08-07 00:00:00";25,42;23,53;25,67
"2021-08-08 00:00:00";23,74;21,6;23,68
"2021-08-09 00:00:00";24,4;22,3;23,61
"2021-08-10 00:00:00";25,56;24,09;25,29
"2021-08-11 00:00:00";26,92;26,45;26,5
"2021-08-12 00:00:00";26,96;28,49;27,66
"2021-08-13 00:00:00";27,39;27,42;27,44
"2021-08-14 00:00:00";28,9;28,79;28,66
"2021-08-15 00:00:00";26,99;26,72;27,38
"2021-08-16 00:00:00";27,08;24,41;26,64
"2021-08-17 00:00:00";25,16;22,6;24,71
"2021-08-18 00:00:00";24,77;21,95;24,36
"2021-08-19 00:00:00";24,17;21,52;23,46
"2021-08-20 00:00:00";25,59;23,52;25,14
"2021-08-21 00:00:00";26,75;24,5;26,04
"2021-08-22 00:00:00";26,18;24,75;25,82
"2021-08-23 00:00:00";25,28;22,04;24,49
"2021-08-24 00:00:00";24,29;21,54;23,71
"2021-08-25 00:00:00";24,7;22,99;24,24
"2021-08-26 00:00:00";25,48;23,25;24,88
"2021-08-27 00:00:00";26,44;24,72;26,37
"2021-08-28 00:00:00";24,96;22,69;24,61
"2021-08-29 00:00:00";24,55;21,82;24,13
"2021-08-30 00:00:00";23,02;20,04;21,88
"2021-08-31 00:00:00";23,88;21,94;23,2
"2021-09-01 00:00:00";23,7;20,32;23,02
"2021-09-02 00:00:00";24,09;21,16;23,6
"2021-09-03 00:00:00";24,5;22,36;24,24
"2021-09-04 00:00:00";24,01;21,14;23,49
"2021-09-05 00:00:00";25,89;23,4;25,06
"2021-09-06 00:00:00";26,16;23,42;25,49
"2021-09-07 00:00:00";25,96;23,17;25,34
"2021-09-08 00:00:00";25,84;24,27;25,28
"2021-09-09 00:00:00";25,54;23,28;25,09
"2021-09-10 00:00:00";24,01;21,21;22,9
"2021-09-11 00:00:00";24,72;22,32;23,66
"2021-09-12 00:00:00";25,32;22,61;24,42
"2021-09-13 00:00:00";26,17;23,1;25,22
"2021-09-14 00:00:00";26,42;24,31;26,31
"2021-09-15 00:00:00";26,79;24,38;26,07
"2021-09-16 00:00:00";24,46;21,46;23,99
"2021-09-17 00:00:00";24,95;22,2;23,92
"2021-09-18 00:00:00";23,48;20,41;22,18
"2021-09-19 00:00:00";22,2;19,01;21,28
"2021-09-20 00:00:00";20,84;17,95;19,7
"2021-09-21 00:00:00";20,13;17,16;19,06
"2021-09-22 00:00:00";21,85;19,17;21,38
"2021-09-23 00:00:00";21,96;18,62;21,06
"2021-09-24 00:00:00";22,36;19,94;21,76
"2021-09-25 00:00:00";24,82;22,84;24,31
"2021-09-26 00:00:00";24,89;22,43;24,3
"2021-09-27 00:00:00";24,83;22,5;23,87
"2021-09-28 00:00:00";23,84;20,88;22,66
"2021-09-29 00:00:00";22,06;18,77;21,12
"2021-09-30 00:00:00";21,99;18,56;20,81
"2021-10-01 00:00:00";21,33;18,88
"2021-10-02 00:00:00";22,47;20,15;21,62
"2021-10-03 00:00:00";23,72;20,24;23,11
"2021-10-04 00:00:00";16,98;13,35;15,44
"2021-10-05 00:00:00";20,38;17,08;19,53
"2021-10-06 00:00:00";19,94;16,6;18,9
"2021-10-07 00:00:00";19,86;17,01;18,46
"2021-10-08 00:00:00";19,73;16,57;18,68
"2021-10-09 00:00:00";19,19;15,97;18,21
"2021-10-10 00:00:00";19,14;16,06;18,42
"2021-10-11 00:00:00";19,6;17,16;18,53
"2021-10-12 00:00:00";19,62;18,05;18,36
"2021-10-13 00:00:00";19,44;17,31;18,23
"2021-10-14 00:00:00";18,73;16,48;17,83
"2021-10-15 00:00:00";20,1;17,87;19,46
"2021-10-16 00:00:00";19,49;17,19;18,96
"2021-10-17 00:00:00";19,37;16,43;18,47
"2021-10-18 00:00:00";20,34;17,67
"2021-10-19 00:00:00";21,09;18,48;19,9
"2021-10-20 00:00:00";21,23;17,72;20,15
"2021-10-21 00:00:00";19,55;16,62;18,7
"2021-10-22 00:00:00";18,57;15,42;17,23
"2021-10-23 00:00:00";16,96;14,42;15,57
"2021-10-24 00:00:00";18,17;16,03;17,34
"2021-10-25 00:00:00";18,1;15,86;16,76
"2021-10-26 00:00:00";18,46;16,7;17,18
"2021-10-27 00:00:00";17,54;14,98;15,92
"2021-10-28 00:00:00";17,49;14,72;16,56
"2021-10-29 00:00:00";18,53;15,88;17,66
"2021-10-30 00:00:00";19,27;16,57;18,22
"2021-10-31 00:00:00";20,4;18,49;19,8
"2021-11-01 00:00:00";19,74;16,69;18,41
"2021-11-02 00:00:00";16,34;12,57;14,72
"2021-11-03 00:00:00";14,72;10,92;13,31
"2021-11-04 00:00:00";13,25;9,63;12,15
"2021-11-05 00:00:00";12,96;9,71;11,61
"2021-11-06 00:00:00";13,33;10,31;11,83
"2021-11-07 00:00:00";13,82;11,01;12,65
"2021-11-08 00:00:00";15,05;13,5;14,19
"2021-11-09 00:00:00";14,63;12,05;14,01
"2021-11-10 00:00:00";15,28;12,09;14,69
"2021-11-11 00:00:00";16,67;13,39;16,35
"2021-11-12 00:00:00";17,49;14,46;16,36
"2021-11-13 00:00:00";17,2;14,48;16,49
"2021-11-14 00:00:00";15,09;11,67;14,19
"2021-11-15 00:00:00";13,76;10,23;12,19
"2021-11-16 00:00:00";13,16;10,6;11,5
"2021-11-17 00:00:00";13,63;10,4;12,15
"2021-11-18 00:00:00";13,13;10,61;11,88
"2021-11-19 00:00:00";13,43;11,57;11,57
"2021-11-20 00:00:00";13,79;11,91;12,42
"2021-11-21 00:00:00";14,8;12,56;13,43
"2021-11-22 00:00:00";13,62;10,24;12,89
"2021-11-23 00:00:00";13,15;9,8;12,38
"2021-11-24 00:00:00";12,41;8,84;11,59
"2021-11-25 00:00:00";11,58;7,43;10,06
"2021-11-26 00:00:00";10,82;6,73;9,48
"2021-11-27 00:00:00";9,96;6,05;8,84
"2021-11-28 00:00:00";7,99;4,03;7,02
"2021-11-29 00:00:00";10,03;6,43;9,07
"2021-11-30 00:00:00";11,14;9,01;10,25
"2021-12-01 00:00:00";11,67;7,95;10,92
"2021-12-02 00:00:00";11,9;7,89;10,63
"2021-12-03 00:00:00";10,6;7,39;9,4
"2021-12-04 00:00:00";13,53;9,74;12,53
"2021-12-05 00:00:00";10,63;6,53;9,51
"2021-12-06 00:00:00";10,61;6,88;9,23
"2021-12-07 00:00:00";12,38;10,65;12,06
"2021-12-08 00:00:00";12,38;8,92;11,54
"2021-12-09 00:00:00";9,4;5,37;8,51
"2021-12-10 00:00:00";14,22;10,41;13,62
"2021-12-11 00:00:00";11,67;8,09;10,04
"2021-12-12 00:00:00";13,5;10,55;11,88
"2021-12-13 00:00:00";12,74;11,6;11,06
"2021-12-14 00:00:00";11,7;11,26;10,73
"2021-12-15 00:00:00";12,35;11,69;10,89
"2021-12-16 00:00:00";11,54;9,59;10,29
"2021-12-17 00:00:00";11,8;8,7;11,2
"2021-12-18 00:00:00";11,5;8,76;10,17
"2021-12-19 00:00:00";11,14;9,12;9,32
"2021-12-20 00:00:00";11;7,87;9,89
"2021-12-21 00:00:00";10,8;8,76;9,82
"2021-12-22 00:00:00";11,2;8,51;10,76
"2021-12-23 00:00:00";12,99;10,01;12,04
"2021-12-24 00:00:00";14,14;11,3;13,26
"2021-12-25 00:00:00";14,93;12,37;14,03
"2021-12-26 00:00:00";14,55;11,36;12,8
"2021-12-27 00:00:00";16,79;13,14;15,87
"2021-12-28 00:00:00";17,44;13,75;16,61
"2021-12-29 00:00:00";17,09;14,18;16,7
"2021-12-30 00:00:00";16,64;15,91;16,1
"2021-12-31 00:00:00";14,34;14,77;13,26
"2022-01-01 00:00:00";12,4;17,82;11,05
"2022-01-02 00:00:00";12,38;13,43;10,84
"2022-01-03 00:00:00";11,78;13,57;10,4
"2022-01-04 00:00:00";14,64;14,75;13,3
"2022-01-05 00:00:00";11,28;7,72;9,94
"2022-01-06 00:00:00";8,7;4,68;7,03
"2022-01-07 00:00:00";9,06;5,99;7,61
"2022-01-08 00:00:00";10,53;7,01;9,62
"2022-01-09 00:00:00";12,65;9,12;12,07
"2022-01-10 00:00:00";11,11;7,91;10,24
"2022-01-11 00:00:00";12,02;9,5;10,84
"2022-01-12 00:00:00";10,83;7,29;9,56
"2022-01-13 00:00:00";9,41;7,16;7,51
"2022-01-14 00:00:00";10,07;7,32;7,75
"2022-01-15 00:00:00";9,94;7,04;8,68
"2022-01-16 00:00:00";9,56;8,15;8,6
"2022-01-17 00:00:00";10,73;8,25;9,89
"2022-01-18 00:00:00";10,05;7;9,08
"2022-01-19 00:00:00";10,12;7,09;8,31
"2022-01-20 00:00:00";10,45;8,12;8,6
"2022-01-21 00:00:00";8,8;5,57;7,16
"2022-01-22 00:00:00";8,93;5,26;7,07
"2022-01-23 00:00:00";9,36;7,39;7,25
"2022-01-24 00:00:00";9,65;7,76;7,88
"2022-01-25 00:00:00";9,94;8,61;8,7
"2022-01-26 00:00:00";10,88;10,81;10,37
"2022-01-27 00:00:00";10,92;11,26;10,6
"2022-01-28 00:00:00";12,59;12,44;11,77
"2022-01-29 00:00:00";12,59;12,32;11,86
"2022-01-30 00:00:00";12,97;12,15;12,57
"2022-01-31 00:00:00";12,35;10,08;11,72
"2022-02-01 00:00:00";12,66;10,04;11,9
"2022-02-02 00:00:00";13,05;12,7;12,85
"2022-02-03 00:00:00";12,69;14,16;12,11
"2022-02-04 00:00:00";12,94;10,49;12,13
"2022-02-05 00:00:00";12,93;10,05;11,78
"2022-02-06 00:00:00";12,19;8,75;11,17
"2022-02-07 00:00:00";12,71;9,69;11,4
"2022-02-08 00:00:00";12,64;10,31;11,57
"2022-02-09 00:00:00";12,44;10,07;10,86
"2022-02-10 00:00:00";11,76;10,07;10,54
"2022-02-11 00:00:00";12,5;11,66;11,41
"2022-02-12 00:00:00";12,17;8,94;11,19
"2022-02-13 00:00:00";13,25;10,12;12,65
"2022-02-14 00:00:00";14;10,5;13,14
"2022-02-15 00:00:00";12,6;9,1;11,7
"2022-02-16 00:00:00";13,03;10,3;11,82
"2022-02-17 00:00:00";15,64;13,93;14,77
"2022-02-18 00:00:00";14,51;15,09;13,37
"2022-02-19 00:00:00";12,44;8,92;11,19
"2022-02-20 00:00:00";12,21;9,19;11,07
"2022-02-21 00:00:00";14,21;11,35;12,9
"2022-02-22 00:00:00";13,04;10,56;12,14
"2022-02-23 00:00:00";13,44;10,76;11,99
"2022-02-24 00:00:00";14,1;11,3;12,9
"2022-02-25 00:00:00";12,98;9,8;11,93
"2022-02-26 00:00:00";11,54;8,3;10,56
"2022-02-27 00:00:00";11,92;9,4;10,7
"2022-02-28 00:00:00";12,78;9,4;11,88
"2022-03-01 00:00:00";12,88;10,39;12,05
"2022-03-02 00:00:00";12,5;9,35;11,25
"2022-03-03 00:00:00";13,6;10,59;12,58
"2022-03-04 00:00:00";13,41;10,75;12,35
"2022-03-05 00:00:00";13,49;9,7;12,43
"2022-03-06 00:00:00";10,89;7,46;10,05
"2022-03-07 00:00:00";11,59;8,28;10,67
"2022-03-08 00:00:00";11,14;7,78;9,79
"2022-03-09 00:00:00";11,82;9,01;10,87
"2022-03-10 00:00:00";12,83;9,85;12,11
"2022-03-11 00:00:00";12,82;9,44;12,12
"2022-03-12 00:00:00";12,37;9,36;11,73
"2022-03-13 00:00:00";13,01;10,17;12
"2022-03-14 00:00:00";13,46;10,03;13,15
"2022-03-15 00:00:00";14,26;11,16;14,14
"2022-03-16 00:00:00";14,3;11,05;14,11
"2022-03-17 00:00:00";14,73;11,64;14,61
"2022-03-18 00:00:00";15,07;11,38;14,72
"2022-03-19 00:00:00";12,81;9,03;12,31
"2022-03-20 00:00:00";13,1;10,36;12,91
"2022-03-21 00:00:00";13,37;9,85;12,89
"2022-03-22 00:00:00";12,3;8,47;11,59
"2022-03-23 00:00:00";11,75;8,28
"2022-03-24 00:00:00";12,48;8,95;12,07
"2022-03-25 00:00:00";13,51;10,36;13,31
"2022-03-26 00:00:00";13,37;9,66;12,8
"2022-03-27 00:00:00";15,44;12,89;15,23
"2022-03-28 00:00:00";15,19;13,63;14,59
"2022-03-29 00:00:00";14,32;11,62;13,5
"2022-03-30 00:00:00";12,99;9,81;12,48
"2022-03-31 00:00:00";12,76;9,78;12,25
"2022-04-01 00:00:00";11,97;7,63;10,64
"2022-04-02 00:00:00";9,86;6,15;9,16
"2022-04-03 00:00:00";7,86;4,19;6,86
"2022-04-04 00:00:00";9,34;6,6;8,4
"2022-04-05 00:00:00";11,88;10,25;11,42
"2022-04-06 00:00:00";14,05;12,2;13,33
"2022-04-07 00:00:00";16,73;15,81;16,19
"2022-04-08 00:00:00";19,81;17,38;19,47
"2022-04-09 00:00:00";15,48;12,42;15,04
"2022-04-10 00:00:00";14,76;11,82;13,86
"2022-04-11 00:00:00";14,31;12,31;13,63
"2022-04-12 00:00:00";14,46;11,23;14,2
"2022-04-13 00:00:00";13,85;11,15;13,6
"2022-04-14 00:00:00";17,21;15,38;17,11
"2022-04-15 00:00:00";20,12;19,34;19,39
"2022-04-16 00:00:00";20,61;19,85;20,39
"2022-04-17 00:00:00";17,32;16,86;17,04
"2022-04-18 00:00:00";15,8;15,36;15,59
"2022-04-19 00:00:00";15,68;13,77;14,86
"2022-04-20 00:00:00";15,13;11,7;14,74
"2022-04-21 00:00:00";13,09;9,98;12,37
"2022-04-22 00:00:00";16,24;;15,27
"2022-04-23 00:00:00";14,28;;13,46
"2022-04-24 00:00:00";16,77;;16,22
"2022-04-25 00:00:00";16,72;14,52;15,79
"2022-04-26 00:00:00";17,94;;16,58
"2022-04-27 00:00:00";17,86;16,17;17,29
"2022-04-28 00:00:00";17,9;16,89;17,44
"2022-04-29 00:00:00";19,76;19,14;19,25
"2022-04-30 00:00:00";19,09;17,31;18,59
"2022-05-01 00:00:00";18,48;16,82;18,04
"2022-05-02 00:00:00";17,94;15,94;17,68
"2022-05-03 00:00:00";16,48;13,88;16,15
"2022-05-04 00:00:00";16,64;14,42;16,17
"2022-05-05 00:00:00";17,84;15,54;17,1
"2022-05-06 00:00:00";18,56;17,06;18,23
"2022-05-07 00:00:00";19,15;17,82;18,99
"2022-05-08 00:00:00";19,26;19,71;19,3
"2022-05-09 00:00:00";19,89;19,62;19,76
"2022-05-10 00:00:00";20,85;19,68;20,19
"2022-05-11 00:00:00";20,28;19,08;19,2
"2022-05-12 00:00:00";20,02;18,8;19,68
"2022-05-13 00:00:00";19,15;19,43;19,13
"2022-05-14 00:00:00";21,99;21,7;21,52
"2022-05-15 00:00:00";22,75;21,76;22,32
"2022-05-16 00:00:00";21,86;22,06;22,25
"2022-05-17 00:00:00";21,04;21,81;21,95
"2022-05-18 00:00:00";23,7;24,47;24,22
"2022-05-19 00:00:00";22,01;21,27;22,64
"2022-05-20 00:00:00";23,42;23,8;23,64
"2022-05-21 00:00:00";25,37;25,47;24,92
"2022-05-22 00:00:00";26,12;26,51;25,16
"2022-05-23 00:00:00";22,61;22,28;22,49
"2022-05-24 00:00:00";19,64;16,68;19,08
"2022-05-25 00:00:00";18,44;14,39;17,15
"2022-05-26 00:00:00";22,45;19,99;21,82
"2022-05-27 00:00:00";23,64;22,24;23,11
"2022-05-28 00:00:00";24,15;23,72;25,33
"2022-05-29 00:00:00";21,16;20,14;21,59
"2022-05-30 00:00:00";21,06;20,27;21,13
"2022-05-31 00:00:00";21,49;21,33;21,9
"2022-06-01 00:00:00";22,67;22,16;22,52
"2022-06-02 00:00:00";21,47;22,08;21,59
"2022-06-03 00:00:00";21,86;22,37;22,52
"2022-06-04 00:00:00";22,7;22,83;23,3
"2022-06-05 00:00:00";23,99;23,75;24,23
"2022-06-06 00:00:00";24,62;22,36;24,09
"2022-06-07 00:00:00";24,19;22,32;24,16
"2022-06-08 00:00:00";23,37;20,94;23,19
"2022-06-09 00:00:00";22,58;20,35;22,08
"2022-06-10 00:00:00";23,75;21,94;23,24
"2022-06-11 00:00:00";25,55;25,9;25,44
"2022-06-12 00:00:00";27,57;27,78;27,41
"2022-06-13 00:00:00";28,16;27,57;27,33
"2022-06-14 00:00:00";26,26;26,42;25,97
"2022-06-15 00:00:00";27,17;27,34;27,86
"2022-06-16 00:00:00";28,2;29,45;28,86
"2022-06-17 00:00:00";30,56;30,84;30,37
"2022-06-18 00:00:00";26,72;27,61;26,99
"2022-06-19 00:00:00";25,51;24,39;25,75
"2022-06-20 00:00:00";25,68;24,03;26,07
"2022-06-21 00:00:00";26,32;24,28;26
"2022-06-22 00:00:00";24,51;22,31
"2022-06-23 00:00:00";25,63;23,03;25,18
"2022-06-24 00:00:00";25,78;23,41;25,22
"2022-06-25 00:00:00";24,46;23,2;24,99
"2022-06-26 00:00:00";24,33;23,12;24,6
"2022-06-27 00:00:00";25,01;22,46;24,83
"2022-06-28 00:00:00";25,35;22,83;24,86
"2022-06-29 00:00:00";25,13;23,31;24,41
"2022-06-30 00:00:00";25,54;23,68;25,02
"2022-07-01 00:00:00";23,49;21,29;23,37
"2022-07-02 00:00:00";24,2;23,59;24,13
"2022-07-03 00:00:00";25,65;25,94;26,14
"2022-07-04 00:00:00";26,87;26,63;26,93
"2022-07-05 00:00:00";27,12;26,07;26,89
"2022-07-06 00:00:00";26,45;23,35;25,37
"2022-07-07 00:00:00";26,65;24,1;25,91
"2022-07-08 00:00:00";26,36;25,11;25,7
"2022-07-09 00:00:00";26,47;25,75;26,44
"2022-07-10 00:00:00";27,58;27,08;27,26
"2022-07-11 00:00:00";;26,89;26,93
"2022-07-12 00:00:00";26,51;27,25;27,13
"2022-07-13 00:00:00";27,98;27,88;28,27
"2022-07-14 00:00:00";28,5;27,7;28
"2022-07-15 00:00:00";;30,93;30,52
"2022-07-16 00:00:00";29,52;29,5;29,64
"2022-07-17 00:00:00";28,29;29,28;28,32
"2022-07-18 00:00:00";26,4;26,61;27,06
"2022-07-19 00:00:00";27,06;26,26;27,46
"2022-07-20 00:00:00";27,62;26,94;27,25
"2022-07-21 00:00:00";28,66;26,42;27,85
"2022-07-22 00:00:00";29,22;27,74;28,25
"2022-07-23 00:00:00";27,33;25,95;27,18
"2022-07-24 00:00:00";28,91;26,99;28,5
"2022-07-25 00:00:00";27,73;26,87
"2022-07-26 00:00:00";27,39;24,73;27,33
"2022-07-27 00:00:00";26,27;23,73;26,1
"2022-07-28 00:00:00";27,47;24,56;26,78
"2022-07-29 00:00:00";26,8;24,15;26,2
"2022-07-30 00:00:00";27,47;24,65;27,16
"2022-07-31 00:00:00";28,92;27,21;28,81
"2022-08-01 00:00:00";30,35;28,71;29,95
"2022-08-02 00:00:00";30,69;28,6;30,28
"2022-08-03 00:00:00";30,32;28,52;29,55
"2022-08-04 00:00:00";29,8;28,36;29,22
"2022-08-05 00:00:00";27,95;26,48;27,45
"2022-08-06 00:00:00";29,34;28,1;28,65
"2022-08-07 00:00:00";29,06;28,09;28,49
"2022-08-08 00:00:00";28,42;28,23;28,03
"2022-08-09 00:00:00";28,73;28,77;28,81
"2022-08-10 00:00:00";29,94;28,81;29,36
"2022-08-11 00:00:00";29,55;28,32;28,72
"2022-08-12 00:00:00";30,07;28,61;29,29
"2022-08-13 00:00:00";29,12;29,1;28,92
"2022-08-14 00:00:00";29,92;27,92;29,66
"2022-08-15 00:00:00";27,43;26,05;27,14
"2022-08-16 00:00:00";27,35;25,1;26,89
"2022-08-17 00:00:00";26,34;23,84;25,85
"2022-08-18 00:00:00";22,7;19,74;21,31
"2022-08-19 00:00:00";24,67;22,36;24,35
"2022-08-20 00:00:00";26,92;24,42;25,66
"2022-08-21 00:00:00";26,53;23,83;25,66
"2022-08-22 00:00:00";26,34;24,1;25,75
"2022-08-23 00:00:00";27,36;25,22;26,69
"2022-08-24 00:00:00";28,19;26,48;27,79
"2022-08-25 00:00:00";27,53;25,47;27,25
"2022-08-26 00:00:00";27,94;25,71;27,04
"2022-08-27 00:00:00";27,76;24,86;27,01
"2022-08-28 00:00:00";27,89;24,95;27,08
"2022-08-29 00:00:00";28,01;26,93;27,04
"2022-08-30 00:00:00";28,52;26,39;27,49
"2022-08-31 00:00:00";25,14;22,59;23,94
"2022-09-01 00:00:00";26,03;25,34;24,81
"2022-09-02 00:00:00";26,48;23,92;25,38
"2022-09-03 00:00:00";25,63;23,01;25,17
"2022-09-04 00:00:00";26,28;24,03;26
"2022-09-05 00:00:00";27,07;24,76;26,26
"2022-09-06 00:00:00";27,93;25,8;26,88
"2022-09-07 00:00:00";26,74;24,97;25,65
"2022-09-08 00:00:00";26,5;23,56;25,6
"2022-09-09 00:00:00";25,54;22,67;24,76
"2022-09-10 00:00:00";25,66;22,53;24,93
"2022-09-11 00:00:00";26,41;23,93;25,95
"2022-09-12 00:00:00";27,28;25,13;26,87
"2022-09-13 00:00:00";27,98;24,57;27,14
"2022-09-14 00:00:00";25,66;22,58;24,61
"2022-09-15 00:00:00";26,23;24,99;25,82
"2022-09-16 00:00:00";24,95;21,95;24,06
"2022-09-17 00:00:00";23,08;19,92;22,5
"2022-09-18 00:00:00";22,47;19,61;22,1
"2022-09-19 00:00:00";23,08;21,47;22,32
"2022-09-20 00:00:00";23,02;20,84;22,46
"2022-09-21 00:00:00";22,57;20,63;22,02
"2022-09-22 00:00:00";22,59;19,99;22,03
"2022-09-23 00:00:00";22,96;19,67;21,99
"2022-09-24 00:00:00";20,51;17,67;20,91
"2022-09-25 00:00:00";20,3;17,04;19,48
"2022-09-26 00:00:00";21,37;18,29;20,09
"2022-09-27 00:00:00";20,58;17,19;19,67
"2022-09-28 00:00:00";21,47;17,75;20,6
"2022-09-29 00:00:00";20,11;16,53;19,29
"2022-09-30 00:00:00";18,85;15,64;18,17
"2022-10-01 00:00:00";20,4;18,08;19,27
"2022-10-02 00:00:00";22,52;21,1;21,86
"2022-10-03 00:00:00";21,81;20,41;20,82
"2022-10-04 00:00:00";21,83;20,03;21,01
"2022-10-05 00:00:00";21,42;19,14;20,5
"2022-10-06 00:00:00";21,61;18,9;21,41
"2022-10-07 00:00:00";20,02;16,51;19,24
"2022-10-08 00:00:00";20,33;17,62;19,75
"2022-10-09 00:00:00";20,3;17,86;19,5
"2022-10-10 00:00:00";20,93;17,97;20,4
"2022-10-11 00:00:00";20,39;17,42;19,41
"2022-10-12 00:00:00";21,06;18,51;20,27
"2022-10-13 00:00:00";22,31;19,65;21,79
"2022-10-14 00:00:00";21,68;20,1;21,1
"2022-10-15 00:00:00";22,19;19,92;21,3
"2022-10-16 00:00:00";22,41;20,37;21,81
"2022-10-17 00:00:00";22,57;20,03;22,35
"2022-10-18 00:00:00";22,4;19,94;21,7
"2022-10-19 00:00:00";22,47;20,03;21,5
"2022-10-20 00:00:00";22,8;19,97;21,97
"2022-10-21 00:00:00";23,45;20,73;22,65
"2022-10-22 00:00:00";22,97;20,44;21,67
"2022-10-23 00:00:00";22,88;20,32;21,79
"2022-10-24 00:00:00";23,71;21,7;22,67
"2022-10-25 00:00:00";;21,57;21,92
"2022-10-26 00:00:00";22,29;22,81;21,67
"2022-10-27 00:00:00";20,27;20,05;19,74
"2022-10-28 00:00:00";19,34;19,38;18,88
"2022-10-29 00:00:00";18,66;17,66;18,03
"2022-10-30 00:00:00";19,85;17,73;19,1
"2022-10-31 00:00:00";20,85;18,37
"2022-11-01 00:00:00";20,47;17,85;19,67
"2022-11-02 00:00:00";19,48;16,95;18,25
"2022-11-03 00:00:00";20,16;17,26;19,24
"2022-11-04 00:00:00";17,19;13,01;16,19
"2022-11-05 00:00:00";16,09;13,49;15,15
"2022-11-06 00:00:00";17,24;15,91;16,26
"2022-11-07 00:00:00";17,73;15,89;16,34
"2022-11-08 00:00:00";18,43;16,57;17,41
"2022-11-09 00:00:00";19,48;17,3;18,89
"2022-11-10 00:00:00";17,52;14,82;16,61
"2022-11-11 00:00:00";18,67;16;18,34
"2022-11-12 00:00:00";18,73;15,96;18,53
"2022-11-13 00:00:00";17,67;15,82;16,92
"2022-11-14 00:00:00";18,91;16,31;17,75
"2022-11-15 00:00:00";19,2;17,03;18,33
"2022-11-16 00:00:00";18,92;15,88;18,52
"2022-11-17 00:00:00";20,18;16,9;19,31
"2022-11-18 00:00:00";15,94;12,3;15,16
"2022-11-19 00:00:00";13,29;9,34;12,24
"2022-11-20 00:00:00";13,15;10,2;11,81
"2022-11-21 00:00:00";14,44;11,24;13,53
"2022-11-22 00:00:00";12,56;8,62;11,77
"2022-11-23 00:00:00";16,38;13,95;16,14
"2022-11-24 00:00:00";16,38;14;15,28
"2022-11-25 00:00:00";15,94;13,08;14,87
"2022-11-26 00:00:00";14,28;11,85;12,55
"2022-11-27 00:00:00";14,05;12,27;12,1
"2022-11-28 00:00:00";13,28;10,31;12,24
"2022-11-29 00:00:00";13,13;9,43;11,67
"2022-11-30 00:00:00";12,56;9,75;10,99
"2022-12-01 00:00:00";12,35;8,89;11,65
"2022-12-02 00:00:00";11,1;8,04;9,92
"2022-12-03 00:00:00";11,27;8,89;9,61
"2022-12-04 00:00:00";10,99;8,04;9,36
"2022-12-05 00:00:00";11,53;9,43;10,17
"2022-12-06 00:00:00";12,78;10,45;11,71
"2022-12-07 00:00:00";;10,79;12,01
"2022-12-08 00:00:00";13,24;11,06;12,27
"2022-12-09 00:00:00";15,71;12,81;14,79
"2022-12-10 00:00:00";12,54;8,73;11,28
"2022-12-11 00:00:00";9,62;6,14;8,53
"2022-12-12 00:00:00";9,57;6,77;8,64
"2022-12-13 00:00:00";13,47;12,62;13,31
"2022-12-14 00:00:00";14,44;12,23;14,12
"2022-12-15 00:00:00";15,29;12,23;14,18
"2022-12-16 00:00:00";14,4;10,99;13,31
"2022-12-17 00:00:00";12,86;9,68;11,44
"2022-12-18 00:00:00";12,75;11;11,25
"2022-12-19 00:00:00";14,18;11,97;13,19
"2022-12-20 00:00:00";14,47;11,99;13,39
"2022-12-21 00:00:00";15,39;11,91;14,04
"2022-12-22 00:00:00";16,07;13,56;15,27
"2022-12-23 00:00:00";18,41;15,14;17,71
"2022-12-24 00:00:00";17,03;15,49;16,46
"2022-12-25 00:00:00";15,09;17,79;14,45
"2022-12-26 00:00:00";16,12;16,19;16,15
"2022-12-27 00:00:00";14,73;14,2;13,17
"2022-12-28 00:00:00";13,41;13,63;12,24
"2022-12-29 00:00:00";14,48;12,7;13,55
"2022-12-30 00:00:00";16,3;13,68;15,46
"2022-12-31 00:00:00";17,3;15,99;16,28
"2023-01-01 00:00:00";13,71;12,93;11,81
"2023-01-02 00:00:00";13,65;12,24;12,57
"2023-01-03 00:00:00";14,45;11,66;13,54
"2023-01-04 00:00:00";13,03;11,72;11,73
"2023-01-05 00:00:00";12,54;11,77;11,15
"2023-01-06 00:00:00";11,83;9,97;10,72
"2023-01-07 00:00:00";12,46;9,46;11,52
"2023-01-08 00:00:00";14,15;11,86;13,21
"2023-01-09 00:00:00";14,57;11,15;13,6
"2023-01-10 00:00:00";12,16;9,23;10,96
"2023-01-11 00:00:00";13,01;10,12;11,68
"2023-01-12 00:00:00";12,24;9,33;11,06
"2023-01-13 00:00:00";12,76;10,4;11,59
"2023-01-14 00:00:00";12,83;10,95;11,7
"2023-01-15 00:00:00";13,42;10,43;12,7
"2023-01-16 00:00:00";11,96;7,95;10,97
"2023-01-17 00:00:00";13,84;10,11;13,05
"2023-01-18 00:00:00";9,41;5,19;8,46
"2023-01-19 00:00:00";8,79;5,03;8,12
"2023-01-20 00:00:00";10,1;7,26;9
"2023-01-21 00:00:00";7,97;4,5;6,74
"2023-01-22 00:00:00";7,25;4,22;5,91
"2023-01-23 00:00:00";7,36;4,05;6,24
"2023-01-24 00:00:00";7,04;3,2;6,07
"2023-01-25 00:00:00";10,43;6,93;9,6
"2023-01-26 00:00:00";8,05;4,61;6,86
"2023-01-27 00:00:00";8,64;5,24;7,11
"2023-01-28 00:00:00";7,76;4,19;6,78
"2023-01-29 00:00:00";7,98;4,95;7,27
"2023-01-30 00:00:00";8,33;4,86;7,41
"2023-01-31 00:00:00";9,86;7,45;8,84
"2023-02-01 00:00:00";10,69;8,77;9,89
"2023-02-02 00:00:00";11,69;9,21;10,63
"2023-02-03 00:00:00";12,45;11,62;11,57
"2023-02-04 00:00:00";15,03;14,54;14,43
"2023-02-05 00:00:00";12,76;10,55;11,9
"2023-02-06 00:00:00";10,35;6,8;9,62
"2023-02-07 00:00:00";10,07;6,19;9,46
"2023-02-08 00:00:00";9,43;5,85;8,99
"2023-02-09 00:00:00";9,45;5,77;8,87
"2023-02-10 00:00:00";9,74;6,77;8,3
"2023-02-11 00:00:00";9,55;7,79;8,09
"2023-02-12 00:00:00";9,73;7,84;8,29
"2023-02-13 00:00:00";10,23;8,42;9,04
"2023-02-14 00:00:00";10,7;8,5;9,33
"2023-02-15 00:00:00";11,31;9,28;10,13
"2023-02-16 00:00:00";11,09;9,49
"2023-02-17 00:00:00";12,73;13,07;11,73
"2023-02-18 00:00:00";13,78;14,41;13,42
"2023-02-19 00:00:00";13,68;15,43;12,87
"2023-02-20 00:00:00";12,99;13,71;12,62
"2023-02-21 00:00:00";13,53;13,76
"2023-02-22 00:00:00";13,09;10,68;12,56
"2023-02-23 00:00:00";12,57;9,61;11,65
"2023-02-24 00:00:00";11,39;7,13;9,9
"2023-02-25 00:00:00";11,22;7,56;9,96
"2023-02-26 00:00:00";9,14;5,68;8,48
"2023-02-27 00:00:00";5,94;1,68;4,79
"2023-02-28 00:00:00";9,52;5,47;8,05
"2023-03-01 00:00:00";8,17;5,29;7,03
"2023-03-02 00:00:00";9,31;5,8;8,36
"2023-03-03 00:00:00";10,53;8,19;9,73
"2023-03-04 00:00:00";10,89;8,26;9,71
"2023-03-05 00:00:00";11,37;10,06;10,04
"2023-03-06 00:00:00";11,9;9,88;10,83
"2023-03-07 00:00:00";13,95;12,58;13,36
"2023-03-08 00:00:00";16,92;15,45;16,35
"2023-03-09 00:00:00";17,87;15,58;17,52
"2023-03-10 00:00:00";18,83;16,07;18,68
"2023-03-11 00:00:00";20,14;17,02;19,69
"2023-03-12 00:00:00";16,49;15,79;16,34
"2023-03-13 00:00:00";16,65;15,94;15,81
"2023-03-14 00:00:00";17,11;13,84;16,6
"2023-03-15 00:00:00";14,06;11,67;13,35
"2023-03-16 00:00:00";14,39;12,71;13,72
"2023-03-17 00:00:00";14,26;11,38;14,02
"2023-03-18 00:00:00";14,65;12,13;14,17
"2023-03-19 00:00:00";15;12,54;14,69
"2023-03-20 00:00:00";14,42;12,52;14,15
"2023-03-21 00:00:00";14,61;12,01;13,76
"2023-03-22 00:00:00";14,96;13,6;13,92
"2023-03-23 00:00:00";15,17;13,09;14,29
"2023-03-24 00:00:00";16,79;15,42;16,27
"2023-03-25 00:00:00";15,76;13,3;14,8
"2023-03-26 00:00:00";17,66;16,3;18,32
"2023-03-27 00:00:00";15,03;12,97;15,04
"2023-03-28 00:00:00";14,38;11,35;13,77
"2023-03-29 00:00:00";15,8;13,98;15,08
"2023-03-30 00:00:00";15,34;14,2;14,98
"2023-03-31 00:00:00";16,76;16,88;17,28
"2023-04-01 00:00:00";16,6;14,05;16,54
"2023-04-02 00:00:00";15,34;12,08;14,72
"2023-04-03 00:00:00";14,47;12,51;14,15
"2023-04-04 00:00:00";13,56;11,47;12,78
"2023-04-05 00:00:00";14,03;11,95;13,72
"2023-04-06 00:00:00";14,62;12,13;13,73
"2023-04-07 00:00:00";15,52;13,82;14,51
"2023-04-08 00:00:00";14,66;13,43;14,02
"2023-04-09 00:00:00";15,88;14,43;15,19
"2023-04-10 00:00:00";16,45;16,28;16,23
"2023-04-11 00:00:00";16,67;15,51;15,78
"2023-04-12 00:00:00";18,1;17,15;17,74
"2023-04-13 00:00:00";16,06;12,65;15,72
"2023-04-14 00:00:00";15,73;13,18;15,29
"2023-04-15 00:00:00";16,13;13,92;15,69
"2023-04-16 00:00:00";16,12;14,41;15,84
"2023-04-17 00:00:00";14,95;13,81;14,37
"2023-04-18 00:00:00";15,94;13,3;15,6
"2023-04-19 00:00:00";16,49;14,57;15,76
"2023-04-20 00:00:00";17,05;14,97;16,21
"2023-04-21 00:00:00";17,57;15;16,91
"2023-04-22 00:00:00";18,04;15,8;17,4
"2023-04-23 00:00:00";18,45;16,55;18,4
"2023-04-24 00:00:00";17,13;15,41;17,6
"2023-04-25 00:00:00";17,22;16,06
"2023-04-26 00:00:00";18,24;15,68;17,78
"2023-04-27 00:00:00";19,88;18,06;19,23
"2023-04-28 00:00:00";19,36;20,06;20,11
"2023-04-29 00:00:00";19,4;19,72;19,72
"2023-04-30 00:00:00";19,51;17,91;19,63
"2023-05-01 00:00:00";18,19;15,48;17,66
"2023-05-02 00:00:00";18,85;16,85;18,06
"2023-05-03 00:00:00";19,56;17,7;18,93
"2023-05-04 00:00:00";20;17,26;19,23
"2023-05-05 00:00:00";20,11;17,82;19,27
"2023-05-06 00:00:00";19,12;18,78;19,75
"2023-05-07 00:00:00";19,35;17,56;19,67
"2023-05-08 00:00:00";20,13;18,72;20,46
"2023-05-09 00:00:00";20,4;18,9;20,59
"2023-05-10 00:00:00";18,64;15,71;18,26
"2023-05-11 00:00:00";16,57;14,18;16,37
"2023-05-12 00:00:00";15,03;11,76;14,52
"2023-05-13 00:00:00";15,84;13,31;15,12
"2023-05-14 00:00:00";16,96;14,27;16,11
"2023-05-15 00:00:00";18,48;16,49;18,29
"2023-05-16 00:00:00";18,53;16,18;18,09
"2023-05-17 00:00:00";18,19;15,86;17,74
"2023-05-18 00:00:00";17,56;14,54;17,12
"2023-05-19 00:00:00";17,17;14,21;16,75
"2023-05-20 00:00:00";18,15;15,64;17,92
"2023-05-21 00:00:00";17,78;15,99;17,59
"2023-05-22 00:00:00";19,44;16,88;18,98
"2023-05-23 00:00:00";19,55;18,03;19,35
"2023-05-24 00:00:00";21,03;19,75;20,8
"2023-05-25 00:00:00";17,33;14,48;16,46
"2023-05-26 00:00:00";18,6;17,72;18,27
"2023-05-27 00:00:00";22,25;21,24;22,03
"2023-05-28 00:00:00";22,41;21,18;21,95
"2023-05-29 00:00:00";20,01;19,53;19,99
"2023-05-30 00:00:00";21,32;19,96;21,18
"2023-05-31 00:00:00";21,66;20,52;21,29
"2023-06-01 00:00:00";20,47;18,36;20,35
"2023-06-02 00:00:00";20,81;19,08;20,68
"2023-06-03 00:00:00";20,84;18,24;20,56
"2023-06-04 00:00:00";21,05;19,24;21,01
"2023-06-05 00:00:00";22,06;20,05;21,86
"2023-06-06 00:00:00";23,13;20,47;22,67
"2023-06-07 00:00:00";22,54;19,67;22,11
"2023-06-08 00:00:00";22,86;20,84;22,96
"2023-06-09 00:00:00";23,76;21,08;23,59
"2023-06-10 00:00:00";23,58;22,45;23,95
"2023-06-11 00:00:00";25,68;23,94;25,2
"2023-06-12 00:00:00";24,87;23,22
"2023-06-13 00:00:00";23,1;19,9;22,57
"2023-06-14 00:00:00";24,04;21,16;23,52
"2023-06-15 00:00:00";24,13;22,68;23,75
"2023-06-16 00:00:00";25,69;24,35;25,26
"2023-06-17 00:00:00";25,85;23,78;25,27
"2023-06-18 00:00:00";26,06;23,16;25,77
"2023-06-19 00:00:00";24,74;22,27;24,5
"2023-06-20 00:00:00";24,76;23,5;24,87
"2023-06-21 00:00:00";24,88;24,22;25,31
"2023-06-22 00:00:00";27,07;24,7;26,94
"2023-06-23 00:00:00";26,26;23,66;25,97
"2023-06-24 00:00:00";25,37;23,92;25,64
"2023-06-25 00:00:00";26,7;26,35;26,61
"2023-06-26 00:00:00";27,39;27,15;27,29
"2023-06-27 00:00:00";26,26;24,18;26,35
"2023-06-28 00:00:00";26,8;24,62;26,73
"2023-06-29 00:00:00";26,65;24,68;26,91
"2023-06-30 00:00:00";24;21,31;23,69
"2023-07-01 00:00:00";24,39;21,54;24,5
"2023-07-02 00:00:00";25,21;23,02;25,04
"2023-07-03 00:00:00";25,76;22,42;25,25
"2023-07-04 00:00:00";25,28;23,45;25,06
"2023-07-05 00:00:00";24,34;21,69;24,13
"2023-07-06 00:00:00";25,48;23,43;25,5
"2023-07-07 00:00:00";25,44;24,11;25,47
"2023-07-08 00:00:00";26,54;25,96;27,56
"2023-07-09 00:00:00";26,23;26,09;26,96
"2023-07-10 00:00:00";26,71;26,69;27,7
"2023-07-11 00:00:00";27,34;27,22;28,36
"2023-07-12 00:00:00";26,63;25,5;27,35
"2023-07-13 00:00:00";27,35;24,58;27,33
"2023-07-14 00:00:00";27,91;24,85;27,61
"2023-07-15 00:00:00";27,69;24,89;27,56
"2023-07-16 00:00:00";26,31;24,83;26,8
"2023-07-17 00:00:00";26,72;25,61;27,13
"2023-07-18 00:00:00";29,2;28,77;28,96
"2023-07-19 00:00:00";28,17;27,42;29,24
"2023-07-20 00:00:00";28,12;26,07;27,9
"2023-07-21 00:00:00";27,11;24,94;27,41
"2023-07-22 00:00:00";26,72;24,55;26,73
"2023-07-23 00:00:00";27,37;25,48;27,74
"2023-07-24 00:00:00";27,18;24,89;26,99
"2023-07-25 00:00:00";27,61;24,56;27,7
"2023-07-26 00:00:00";24,46;20,91;24,4
"2023-07-27 00:00:00";26,37;22,68
"2023-07-28 00:00:00";26,55;24,7;26,41
"2023-07-29 00:00:00";27,82;25,11;27,1
"2023-07-30 00:00:00";27,36;25,46;27,59
"2023-07-31 00:00:00";26,81;23,72;26,33
"2023-08-01 00:00:00";;25,68;27,87
"2023-08-02 00:00:00";28,34;25,74;28,08
"2023-08-03 00:00:00";25,5;22,35;24,9
"2023-08-04 00:00:00";24,11;21,5;23,84
"2023-08-05 00:00:00";25,29;22,12;24,8
"2023-08-06 00:00:00";23,96;20,82;23,76
"2023-08-07 00:00:00";24,44;21,45;24,42
"2023-08-08 00:00:00";25,69;22,93;25,34
"2023-08-09 00:00:00";26,77;24,26;26,32
"2023-08-10 00:00:00";27,61;26,3;27,44
"2023-08-11 00:00:00";28,94;27,25;28,29
"2023-08-12 00:00:00";26,77;26,18;27,09
"2023-08-13 00:00:00";26,8;25,45;27,12
"2023-08-14 00:00:00";27,4;25,69;27,47
"2023-08-15 00:00:00";27,33;26,1;27,39
"2023-08-16 00:00:00";26,88;24,75;26,71
"2023-08-17 00:00:00";27,15;25,62;27,07
"2023-08-18 00:00:00";27,02;25,44;27,07
"2023-08-19 00:00:00";27,38;25,55;27,35
"2023-08-20 00:00:00";30,2;30,08;30,25
"2023-08-21 00:00:00";30,82;31,74;31,25
"2023-08-22 00:00:00";30,12;30,64;30,82
"2023-08-23 00:00:00";;33,52;32,88
"2023-08-24 00:00:00";30,98;30,09;30,99
"2023-08-25 00:00:00";29,31;27,09;28,9
"2023-08-26 00:00:00";26,77;24,39;26,34
"2023-08-27 00:00:00";21,01;17,75;19,82
"2023-08-28 00:00:00";23,5;20,01;22,95
"2023-08-29 00:00:00";23,65;20,93;23,27
"2023-08-30 00:00:00";22,54;19,91;22,44
"2023-08-31 00:00:00";24,48;22,1;24
"2023-09-01 00:00:00";25,51;22,71;25,01
"2023-09-02 00:00:00";24,8;21,48;24,23
"2023-09-03 00:00:00";25,85;22,71;25,68
"2023-09-04 00:00:00";28,07;25,48;28,15
"2023-09-05 00:00:00";26,08;24,57;26,07
"2023-09-06 00:00:00";25,43;23,13;25,12
"2023-09-07 00:00:00";24,38;22,42;23,77
"2023-09-08 00:00:00";24,29;23,03;23,81
"2023-09-09 00:00:00";24,05;22,16;23,39
"2023-09-10 00:00:00";24,45;22,57;24,07
"2023-09-11 00:00:00";24,86;22,44;24,35
"2023-09-12 00:00:00";25,14;23,26;24,5
"2023-09-13 00:00:00";25,13;22,93;24,86
"2023-09-14 00:00:00";25;22,47;24,37
"2023-09-15 00:00:00";22,62;20,3;21,36
"2023-09-16 00:00:00";24,12;22,23;23,39
"2023-09-17 00:00:00";25,57;23,8;24,89
"2023-09-18 00:00:00";26,89;23,54;26,01
"2023-09-19 00:00:00";24,37;21,01;23,42
"2023-09-20 00:00:00";22,44;18,98;21,29
"2023-09-21 00:00:00";24,18;21,35;23,33
"2023-09-22 00:00:00";23,19;19,56;22,36
"2023-09-23 00:00:00";21,28;18,05;20,52
"2023-09-24 00:00:00";22,27;19,84;21,48
"2023-09-25 00:00:00";22,28;20,18;21,39
"2023-09-26 00:00:00";22,93;20,71;21,97
"2023-09-27 00:00:00";23,68;22,34;22,36
"2023-09-28 00:00:00";24;21,56;22,85
"2023-09-29 00:00:00";24,95;24,14;24,18
"2023-09-30 00:00:00";25,97;25,42;24,97
"2023-10-01 00:00:00";24,19;22,84;23,52
"2023-10-02 00:00:00";23,58;21,24;23,31
"2023-10-03 00:00:00";23,99;21,44;23,35
"2023-10-04 00:00:00";25,1;22,1;24,2
"2023-10-05 00:00:00";23,74;21,13;22,85
"2023-10-06 00:00:00";24,15;21,55;23,36
"2023-10-07 00:00:00";23,65;21,14;22,67
"2023-10-08 00:00:00";23,26;21,5;22,39
"2023-10-09 00:00:00";23,28;21,44;22,17
"2023-10-10 00:00:00";23,44;21,58;22,3
"2023-10-11 00:00:00";22,98;20,69;21,96
"2023-10-12 00:00:00";22,84;20,4;21,67
"2023-10-13 00:00:00";23,1;20,52;22,07
"2023-10-14 00:00:00";23,11;20,68;22,48
"2023-10-15 00:00:00";21,26;17,92;20,52
"2023-10-16 00:00:00";19,77;16,57;19,07
"2023-10-17 00:00:00";21,77;18,88;20,7
"2023-10-18 00:00:00";24,05;21,44;23,04
"2023-10-19 00:00:00";23,12;19,77;22,08
"2023-10-20 00:00:00";20,41;16,35;19,4
"2023-10-21 00:00:00";18,8;14,88;17,66
"2023-10-22 00:00:00";18,12;15,24;16,97
"2023-10-23 00:00:00";22,56;19,42;21,77
"2023-10-24 00:00:00";19,42;15,97;18,32
"2023-10-25 00:00:00";20,46;16,6;19,62
"2023-10-26 00:00:00";22,52;19,59;21,86
"2023-10-27 00:00:00";20,34;16,83;19,55
"2023-10-28 00:00:00";20,1;16,87;18,8
"2023-10-29 00:00:00";19,61;17;18,43
"2023-10-30 00:00:00";18,64;16,08;17,62
"2023-10-31 00:00:00";17,62;13,55;16,06
"2023-11-01 00:00:00";18,58;15,63;17,86
"2023-11-02 00:00:00";18,5;15;17,92
"2023-11-03 00:00:00";15,26;11,26;14,57
"2023-11-04 00:00:00";17,07;14,28;16,64
"2023-11-05 00:00:00";18,17;14,63;17,23
"2023-11-06 00:00:00";16,48;12,97;15,31
"2023-11-07 00:00:00";14,67;11,55;13,34
"2023-11-08 00:00:00";14,28;11,38;13,41
"2023-11-09 00:00:00";14,97;11,76;13,67
"2023-11-10 00:00:00";17,01;13,68;16,17
"2023-11-11 00:00:00";15,88;13,48;15,42
"2023-11-12 00:00:00";18,14;16,4;18,02
"2023-11-13 00:00:00";20,33;18,61;19,56
"2023-11-14 00:00:00";21,73;19;21,22
"2023-11-15 00:00:00";17,84;14,74;17,42
"2023-11-16 00:00:00";18,24;16,22;17,75
"2023-11-17 00:00:00";17,1;14,39;16,53
"2023-11-18 00:00:00";16,96;15,07;16,01
"2023-11-19 00:00:00";15,79;16,29;15,18
"2023-11-20 00:00:00";15,7;14,44;14,69
"2023-11-21 00:00:00";15,61;12,98;14,91
"2023-11-22 00:00:00";15,8;12,37;14,91
"2023-11-23 00:00:00";14,27;10,88;13,07